Unnamed: 0,id,brand,name,price,currency,category,created_at,description
1,1047,colourpop,Blotted Lip,5.5,CAD,lipstick,2018-07-08T22:01:20.178Z,"Blotted Lip Sheer matte lipstick that creates the perfect popsicle pout! Formula is lightweight, matte and buildable for light to medium coverage."
2,1046,colourpop,Lippie Stix,5.5,CAD,lipstick,2018-07-08T21:47:49.858Z,"Lippie Stix Formula contains Vitamin E, Mango, Avocado, and Shea butter for added comfort and moisture. None of our Lippie formulas contain any nasty ingredients like Parabens or Sulfates."
4,1044,boosh,Lipstick,26.0,CAD,lipstick,2018-07-08T17:32:28.088Z,"All of our products are free from lead and heavy metals, parabens, phthalates, artificial colourants, and synthetic fragrances.  Boosh lipstick glides on smoothly for clean & protective SPF coverage. They are filled with hydrating oils and butters to preserve and enhance your lips natural surface. Organic sweet orange oil gives a light and cheerful scent."
19,1029,nudus,Amalia,0.0,USD,lipstick,2018-06-30T19:19:31.441Z,"named after my beautiful mum, delicately pink that displays sophistication. a perfect sheer wash of gorgeous colour that brings a new texture to the lip euphoria range. <strong>lipstick benefits</strong> a unique handcrafted lipstick blended with certified organic ingredients. beautifully pigmented with ancient ayurvedic bioactive colour extracts, leaving your lips soft and deliciously hydrated.<strong>key benefits</strong><ul><li>vitamins, A, B, C, D, E and K</li><li>antioxidants, including pomegranate, raspberry and kiwi cold pressed oils</li><li>27 active natural ingredients, helping against environmental stress</li><li>colours made from flowers, fruits, herbs and minerals</li><li>free from parabens, petro-chemicals, lanolin, hydrogenated oils,fd&amp;c and lake dyes, nano-particles, gmo, pesticides and fungicides</li><li>not tested on animals</li><li>gluten free</li></ul>"
25,1023,marienatie,Lipstick,0.0,USD,lipstick,2018-06-30T19:19:31.034Z,"A pure and creamy lipstick by MarieNatie formulated with organic jojoba, avocado, and coconut oil which are rich in anti-oxidants and have moisturizing benefits. Enriched with naturally derived organic mango and cocoa butters that will soothe, hydrate and regenerate dry lips."
38,1010,coastal classic creation,Conch Lipstick,0.0,USD,lipstick,2018-06-30T19:19:30.184Z,"Coastal Classic Creations Conch Lipstick is a flattering, stylish, rich winterberry color. This lipstick is paraben-free and vegan and contains sunflower oil which is rich in Vitamin E and which may protect against damage from the sun. To boost the product's effectiveness, we add sesame seed oil which contains Vitamins E, D, and B complex to provide moisture and neutralize free radicals. Companions well with Boysenberry Lip Crayon."
159,888,nyx,Luv Out Loud Liquid Lipstick,7.0,USD,lipstick,2017-12-24T02:27:19.139Z,"What qualities make a person beautiful? Passion, confidence and fearlessness, to name a few. Available in six velvety-matte shades, our new Luv Out Loud Liquid Lipsticks capture the attributes we at NYX Professional Makeup find truly beautiful. Gift one, two-or all six lippies to a friend who rocks these amazing qualities and inspires you to live (and luv!) out loud."
160,887,nyx,V'Amped Up! Lip Top Coat,6.0,USD,lipstick,2017-12-24T02:27:18.408Z,Cast a spell on your neutral lippies with a swipe of our wicked V'Amped Up! Lip Top Coat. Infused with shea butter and Vitamin E this glossy pencil moisturizes while transforming light lip colors to deep vampy shades.
161,886,nyx,Simply Pink Lip Cream,6.5,USD,lipstick,2017-12-24T02:27:17.373Z,Get ready to look seriously pretty in pink. From natural to extreme pick your favorite shade from our Simply Pink Lip Creams for a rosy and glossy finish.
162,885,nyx,Simply Red Lip Cream,6.5,USD,lipstick,2017-12-24T02:27:16.374Z,A classic red pout never goes out of style! Our Simply Red Lip Cream collection gives you loads of color options varying from deep bright or pure red that you can’t go wrong with.
163,884,nyx,Simply Nude Lip Cream,6.5,USD,lipstick,2017-12-24T02:27:14.778Z,Bare is beautiful with our Simply Nude Lip Creams available in six earthy shades. Swipe on this velvety and moisturizing cream to leave your lips with a subtle satin finish.
164,883,nyx,Macaron Lippies,6.5,USD,lipstick,2017-12-24T02:27:13.428Z,Fantasize in color with our neon and pastel lippies in 12 of the creamiest shades you’ll ever use. Our cruelty-free formula is packed with pigment and has a satin matte finish for long-wearing resilience.
165,882,nyx,In Your Element Lipstick - Metal,9.0,USD,lipstick,2017-12-24T02:27:12.429Z,"A match made in makeup heaven! Our new In Your Element Lipstick Metal collection pairs perfectly with our sparkle inspired eyeshadow palette. These three exclusive lip colors come in seriously rich shades and finishes-from metallic gold, to glossy deep-berry and metallic bronze. Encased in a sleek, black lacquered case, each lipstick's luxurious magnetic closure seals with a click."
167,880,nyx,Wicked Lippies,6.5,USD,lipstick,2017-12-24T02:27:09.770Z,Take a walk on the wicked side with our jewel-toned lippies available in 12 shimmering shades. Velvety smooth with a dazzling metallic finish - these richly pigmented lipsticks will leave your lips with the ultimate spellbinding look.
168,879,nyx,Simply Vamp Lip Cream,6.5,USD,lipstick,2017-12-24T02:27:08.257Z,Vamp up your look instantly with our smooth and smoldering lip creams. Wear any of these six bewitching shades to brew up a little beauty magic.
169,878,nyx,In Your Element Lipstick - Water,9.0,USD,lipstick,2017-12-24T02:27:07.536Z,"A match made in makeup heaven! Our new In Your Element Lipstick Water collection pairs perfectly with our heat-inspired eyeshadow palette. These three exclusive lip colors come in seriously rich shades and finishes-from metallic black-violet, to matte true nude and glossy plum. Encased in a sleek, black lacquered case, each lipstick's luxurious magnetic closure seals with a click."
170,877,nyx,In Your Element Lipstick - Wind,9.0,USD,lipstick,2017-12-24T02:27:06.634Z,"A match made in makeup heaven! Our new In Your Element Lipstick Wind collection pairs perfectly with our breeze-inspired eyeshadow palette. These three exclusive lip colors come in seriously rich shades and finishes-from glossy nude, to matte navy blue and metallic brown with blue pearl. Encased in a sleek, black lacquered case, each lipstick's luxurious magnetic closure seals with a click."
171,876,nyx,In Your Element Lipstick - Fire,9.0,USD,lipstick,2017-12-24T02:27:05.763Z,"A match made in makeup heaven! Our new In Your Element Lipstick Fire collection pairs perfectly with our heat-inspired eyeshadow palette. These three exclusive lip colors come in seriously rich shades and finishes-from matte red, to glossy black and matte, warm mauve. Encased in a sleek, black lacquered case, each lipstick's luxurious magnetic closure seals with a click."
172,875,nyx,In Your Element Lipstick - Air,9.0,USD,lipstick,2017-12-24T02:27:04.998Z,No description
174,873,nyx,In Your Element Lipstick - Earth,9.0,USD,lipstick,2017-12-24T02:27:02.469Z,"A match made in makeup heaven! Our new In Your Element Lipstick Earth collection pairs perfectly with our nature-inspired eyeshadow palette. These three exclusive lip colors come in seriously rich shades and finishes-from deep metallic copper, to glossy, deep berry and matte brown. Encased in a sleek, black lacquered case, each lipstick's luxurious magnetic closure seals with a click."
175,872,nyx,Butter Lipstick,6.5,USD,lipstick,2017-12-24T02:26:58.311Z,"Treat your lips to a kiss of smooth, creamy color with our irresistible Butter Lipsticks in 12 new luscious shades. The formula’s delicate satin texture fused with highly saturated color delivers full-yet-lightweight coverage with a luxurious satin finish."
176,871,nyx,Extra Creamy Round Lipstick,0.0,USD,lipstick,2017-12-24T02:26:51.630Z,"Extra Creamy Round Lipstick is our classic lipstick for all occasions. The mineral-based emollient formula offers a beautiful velvet texture, saturated color and it resists wear and smudging. It’s your go-to lipstick. From Pure Nude to Pink Lyric to Chic Red, Round Lipstick is available in a jaw-dropping variety of shades."
177,870,nyx,Matte Lipstick,6.0,USD,lipstick,2017-12-24T02:26:46.726Z,"Load your lips with plush, pigment-rich color choosing from 12 brand new shades of Matte Lipstick—our shockingly smooth lip color that glides right on and stays in place with a silky matte finish that never feels dry. Now available in a range of fresh new hues, these playful pops of color are just what your spring wardrobe needs!"
178,869,nyx,Pro Lip Cream Palette,12.0,USD,lipstick,2017-12-24T02:26:45.327Z,Pucker up—your lips are in for a treat! Our new Pro Lip Cream Palettes feature six expertly coordinated color combinations of intensely pigmented lip creams. Wear each shade alone or blend ’em all together for a totally customized look!
179,868,nyx,Full Throttle Lipstick,7.0,USD,lipstick,2017-12-24T02:26:42.947Z,"It’s the color addict’s ultimate fix and a makeup artist’s dream: Our new waterproof Full Throttle Lipstick covers your lips with super-saturated matte color and features a unique bullet with a beveled edge for lining, filling and perfecting your pout to your heart’s desire."
180,867,nyx,Plush Gel Lipstick,7.0,USD,lipstick,2017-12-24T02:26:37.391Z,"Play up your pout with a silky stroke of Plush Gel Lipstick. Available in 12 totally vibrant shades, this lippie brings together an oh-so-soft feel and the high shine of a gloss. Drench lips in a wash of color for an instantly polished look anytime you crave a quick touch-up. Want a bolder finish? (Yes, please!) A second swipe is twice as nice."
181,866,nyx,Velvet Matte Lipstick,7.0,USD,lipstick,2017-12-24T02:26:35.150Z,"Dress your lips in decadent color with our Velvet Matte Lipstick--a luxurious new lip color that glides right on and never feels dry. Housed in an elegant soft-touch case, each standout shade is a fashion statement in itself."
182,865,nyx,Turnt Up! Lipstick,6.5,USD,lipstick,2017-12-24T02:26:33.173Z,"Speak volumes with a bold swipe of Turnt Up! Lipstick. Go as soft or get as loud as you like using our wide range of 22 statement-making shades. From chic nudes to deep vampy hues, these lightweight and creamy lippies glide on effortlessly. Leaving lips with a kiss of shine and high-impact color you can count on for an unforgettable look."
183,864,nyx,Pin-Up Pout Lipstick,8.0,USD,lipstick,2017-12-24T02:26:31.107Z,"From polka dots to pointy pumps, nothing compares to the classics. Our personal fave? Ever so creamy lip color, of course! Take yourself back to the signature lip that started it all with our Pin-Up Pout Lipstick. Inspired by the best of vintage beauty, this retro rouge covers lips in extra plush, richly pigmented and absolutely undeniable color. Our throwback lipstick also offers beautiful coverage in an array of 24 swoon-worthy shades."
184,863,nyx,Super Cliquey Matte Lipstick,9.0,USD,lipstick,2017-12-24T02:26:29.474Z,No description
185,862,nyx,Powder Puff Lippie Powder Lip Cream,8.5,USD,lipstick,2017-12-24T02:26:22.029Z,"Pucker up and powder your pout! Featuring a pillowy cushion-applicator, our new Powder Puff Lippie Powder Lip Cream goes on mousse-y and sets to a powdery soft finish. Achieve a flush of color in eight vibrant shades—from warm peach to true red, and hot pink to cool plum—for an irresistible, just-kissed look."
192,855,nyx,Liquid Suede Metallic Matte,7.5,USD,lipstick,2017-12-24T02:25:49.754Z,"Wrap your lips in high-impact metallic color with Liquid Suede Metallic Matte, a striking new lip inspired by our best-selling Liquid Suede Cream Lipstick. Available in 12 statement-making shades, these shockingly creamy lippies deliver instant dimension and incredible color payoff. In other words, get ready to slay."
193,854,nyx,Liquid Suede Cream Lipstick,7.0,USD,lipstick,2017-12-24T02:25:46.851Z,"Doll up your lips in plush and vibrant color! Our Liquid Suede Cream Lipstick glides on and sets into a striking matte finish. Now available in 12 more velvety-soft shades, this waterproof lippie creates a positively polished look with every swipe."
194,853,nyx,Lip Lingerie,7.0,USD,lipstick,2017-12-24T02:25:43.772Z,"Slip into something seductive with Lip Lingerie, our luxurious liquid lipstick with a plush, Matte finish. Available in the color-kissed hues you know and love—from cinnamon pink and chocolate brown, to warm mahogany red and classic nude beige—plus, 12 brand-new nudes! Each sultry shade will coat the curves of your lips with irresistibly creamy color."
195,852,nyx,Soft Matte Lip Cream,6.5,USD,lipstick,2017-12-24T02:25:38.550Z,"Now available in twelve more statement-making shades, our velvety smooth Soft Matte Lip Cream delivers a burst of creamy color and sets to a stunning matte finish. Surprisingly durable, lightweight and delightfully creamy, it’s no wonder this sweetly scented formula is a fan favorite."
197,850,fenty,MATTEMOISELLE - Plush Matte Lipstick,18.0,USD,lipstick,2017-12-23T23:53:46.839Z,"An ultra slim lipstick with a longwearing, petal-soft matte finish, created in a rainbow of 14 weightless, color-intense shades each designed to flatter all skin tones."
279,767,clinique,Almost Lipstick,17.5,USD,lipstick,2017-12-23T16:36:57.610Z,"Transparent pigment merges with the unique, natural tone of your lips to create something wonderful and yours alone. Sheer, glossy. Emollient-rich and very lightweight."
280,766,clinique,Butter Shine&trade; Lipstick,8.5,USD,lipstick,2017-12-23T16:36:57.147Z,"The creamiest, richest, smoothest lip colour you can imagine. Our revolutionary gel formula delivers the shine of a gloss, the comfort of a lipstick. Drenches lips in moist, lush colour that glides on buttery-soft, feels luxuriously smooth."
281,765,clinique,High Impact&trade; Lip Colour,17.5,USD,lipstick,2017-12-23T16:36:56.751Z,No description
282,764,clinique,Chubby Stick Intense&trade; Moisturizing Lip Colour Balm,17.0,USD,lipstick,2017-12-23T16:36:56.340Z,"Tempt lips with a soft cushion of colour that's not quite sheer, not quite opaque-just the perfect happy medium. Loaded with mango and shea butters so lips feel comfortably soft and smooth. Ten vibrant shades in all."
283,763,clinique,Long Last Soft Matte Lipstick,17.5,USD,lipstick,2017-12-23T16:36:56.106Z,"Long-wearing formula keeps its just-applied look for hours. Non-drying, non-feathering. Full coverage, velvety, soft matte finish."
284,762,clinique,Long Last Lipstick,17.0,USD,lipstick,2017-12-23T16:36:55.332Z,"Longest-wearing formula. Keeps its just-applied look for hours. Won't feather, creep, stain or dry out."
285,761,clinique,Clinique Pop Liquid™ Matte Lip Colour + Primer,18.5,USD,lipstick,2017-12-23T16:36:54.947Z,"Lightweight liquid lipstick covers lips with lush pigment and a modern matte finish. Wears all day. Moisturizing formula with built-in primer provides a smooth, even glide so lips feel as fresh as they look."
286,760,clinique,Chubby Stick Baby Tint&trade; Moisturizing Lip Colour Balm,17.5,USD,lipstick,2017-12-23T16:36:54.729Z,"A bit of colour, a hefty helping of moisture. These sheers bloom on contact to bring out your lips' natural tone. The colour is different for everyone."
287,759,clinique,Clinique + Jonathan Adler: Pop Lip Colour + Primer,15.4,USD,lipstick,2017-12-23T16:36:54.212Z,"An exclusive collection of luminous Clinique Pop™ lipsticks by Jonathan Adler. Includes 3 limited-edition shades inspired by his favorite destinations: Palm Beach Pop, Capri Pop and Santorini Pop.  Jewel-like lipsticks in bold, saturated colors look as pretty on your lips as they do on your vanity. “The domes of Lucite are inspired by my Globo collection—glowing and glamorous. Just like Lip Pop,” says Adler."
288,758,clinique,Different Lipstick,17.5,USD,lipstick,2017-12-23T16:36:53.475Z,"Different because of its smooth, comfortable feel. Moderate coverage in a remarkable range of shades, from cream to pearl. Every one packed with rich emollients."
289,757,clinique,Clinique Pop™ Lacquer Lip Colour + Primer  ,18.5,USD,lipstick,2017-12-23T16:36:52.785Z,No description
290,756,clinique,Clinique Pop Glaze&trade; Sheer Lip Colour + Primer,18.5,USD,lipstick,2017-12-23T16:36:51.913Z,No description
291,755,clinique,Chubby Stick&trade; Moisturizing Lip Colour Balm,17.5,USD,lipstick,2017-12-23T16:36:50.153Z,"Super-nourishing balm is loaded with mango and shea butters. Just what dry, delicate lips need to feel comfortably soft and smooth. Natural-looking lip tints have a subtle sheen."
292,754,clinique,Clinique Pop™ Matte Lip Colour + Primer,18.5,USD,lipstick,2017-12-23T16:36:49.019Z,"Weightless yet pigment-saturated formula hugs lips with 8 hours of creamy matte comfort. Built-in primer helps smooth lips for an easy, even glide every time."
293,753,clinique,Clinique Pop&trade; Lip Colour + Primer,18.5,USD,lipstick,2017-12-23T16:36:48.276Z,"Luxurious yet weightless formula merges bold, saturated colour with a smoothing primer. Glides on effortlessly to a modern-velvet finish. Colour stays true, keeps lips comfortably moisturized for 8 hours. Allergy Tested. 100% Fragrance Free."
294,752,clinique,Clinique Pop&trade; Lip Shadow Cushion Matte Lip Powder,19.5,USD,lipstick,2017-12-23T16:36:47.459Z,"Clinique Pop™ Lip Shadow is a weightless matte powder that delivers bold, highly pigmented lip color."
356,670,dior,DIORIFIC MATTE FLUID - Christmas Look 2017 Limited Edition,27.5,GBP,lipstick,2017-12-03T23:22:10.711Z,"A Dior essential, Diorific Matte Fluid tinges lips and cheeks with a matte texture in four exclusive shades."
357,669,dior,DIORIFIC KHÔL,29.5,GBP,lipstick,2017-12-03T23:22:09.776Z,"For the first time at Dior, Diorific is now available as Lip Khôl designed to adorn your lips in intense colour with a powdery, matte finish."
358,668,dior,Diorific,29.5,GBP,lipstick,2017-12-03T23:22:07.996Z,"Diorific, the legendary lip accessory with an Haute Couture finish, holds the signature of Dior glamour in its jewel-like gold case."
359,667,dior,Dior Addict Lipstick - Limited Edition,27.5,GBP,lipstick,2017-12-03T23:22:05.679Z,Dior ushers in a new era in lip makeup with the breakthrough creation of a lipstick that boasts a hydra-gel core with a top coat effect for sensational mirror shine.
360,666,dior,Dior Addict Lipstick,27.5,GBP,lipstick,2017-12-03T23:22:00.358Z,Dior ushers in a new era in lip makeup with the breakthrough creation of a lipstick that boasts a hydra-gel core with a top coat effect for sensational mirror shine.
361,665,dior,DIOR ADDICT LACQUER STICK,27.5,GBP,lipstick,2017-12-03T23:21:56.663Z,"Try Dior Addict Lacquer Stick, the new-generation lacquer stick by Dior, as easy to apply as it is to wear. A stick with a ""lip fondant"" effect that liberates all the colour and shine of a lacquer, plus the comfort of a balm, with 6 hours* of wear and unrivaled texture."
363,663,dior,ROUGE DIOR COLLECTION COUTURE - Christmas Look 2017 Limited Edition,29.5,GBP,lipstick,2017-12-03T23:21:53.603Z,"The must-have of the collection, Rouge Dior has been reinterpreted for the holiday season, with the Bijou edition of the 999 Matte shade featuring a faceted cannage band."
364,662,dior,Dior Holiday Couture Collection,77.0,GBP,lipstick,2017-12-03T23:21:53.130Z,"A couture makeup bag with a selection of three iconic Rouge Dior lipsticks to suit any occasion: two different rosy shades with a satiny finish for a romantic look, and the matte version of the famous 999 for flamboyant lips."
365,661,dior,ROUGE DIOR - Fall 2017 Limited Edition,27.5,GBP,lipstick,2017-12-03T23:21:52.127Z,"Designed by Peter Philips to combine with the opulent hues and metallic effects on the eyes, face and nails, the six new Rouge Dior shades for fall 2017 flaunt strong beauty with a distinguished chic style. Its iconic formula offering 16 hours of comfort* ensures that women feel good, regardless of the colour or finish chosen."
366,660,dior,Rouge Dior,27.5,GBP,lipstick,2017-12-03T23:21:45.703Z,"With Rouge Dior and its 16h* comfort cult formula, women feel good, no matter the colour, no matter the satin or matte finish."
367,659,dior,Rouge Dior Double Rouge,27.5,GBP,lipstick,2017-12-03T23:21:43.664Z,"Inspired by professional techniques, Double Rouge combines two makeup trends: matte and metal."
368,658,dior,Rouge Dior Liquid,26.5,GBP,lipstick,2017-12-03T23:07:49.795Z,"Rouge Dior has yet again been reinvented with the first liquid lipstick formula by Dior with multiple effects and surprising colour impact. Coverage, 12h* long wear and comfort: a true gem available in 3 vibrant finishes – matte, metal and satin."
380,646,iman,Luxury Moisturizing Lipstick IMAN Nude,13.99,USD,lipstick,2016-10-03T14:04:54.792Z,"13oz (3.7g) Luscious creamy, semi-matte lip color for full coverage and a long-lasting smooth finish. Made in China. "
401,624,benefit,hydra-smooth lip color,23.0,USD,lipstick,2016-10-02T11:37:22.208Z,lip color
402,623,benefit,BIG sexy lipstick set,38.0,USD,lipstick,2016-10-02T11:37:21.916Z,4 all-in-one lipstick and liners
462,521,smashbox,BE LEGENDARY LONG-WEAR LIP LACQUER,24.0,USD,lipstick,2016-10-02T01:32:53.819Z,"Pros in our L.A. photo studio needed a no-touch-ups-needed lip lacquer that went on and stayed on in one comfortable smooth coat throughout an all-day shoot. So we pushed the boundaries and maxed out the amount of staining pigments we could blend in with glossy pearls and conditioning vitamin E, so you get a velvety, legendary lacquered finish that stays for a full 8 hours without drying or feeling tacky.Want an even fuller pout? Dab a lighter shade like Pout or Flushed in the center of your lips. Goes on as a lacquer, then uniquely adjusts to stain Long-lasting color; stays put for a full 8 hours Covers lips in one, smooth comfortable coat No patchy fading or annoying dry feeling 
              
                INGREDIENTS: POLYBUTENE , OCTYLDODECANOL , OZOKERITE , BIS-DIGLYCERYL POLYACYLADIPATE-2 , SILICA SILYLATE , PENTAERYTHRITYL TETRAISOSTEARATE , POLYGLYCERYL-2 TRIISOSTEARATE , TOCOPHEROL , TOCOPHERYL ACETATE , ASCORBYL PALMITATE , SQUALANE , PERSEA GRATISSIMA (AVOCADO) OIL , PALMITOYL OLIGOPEPTIDE , ETHYLHEXYL PALMITATE , TRIBEHENIN , ACRYLATES COPOLYMER , POLYETHYLENE TEREPHTHALATE , SILICA , TIN OXIDE , CALCIUM ALUMINUM BOROSILICATE , CALCIUM SODIUM BOROSILICATE , SYNTHETIC FLUORPHLOGOPITE , HYDROLYZED HYALURONIC ACID , CAPRYLYL GLYCOL , HEXYLENE GLYCOL , SORBITAN ISOSTEARATE , FLAVOR (AROMA) , PHENOXYETHANOL , [+/- MICA , TITANIUM DIOXIDE (CI 77891) , IRON OXIDES (CI 77491) , IRON OXIDES (CI 77492) , IRON OXIDES (CI 77499) , BISMUTH OXYCHLORIDE (CI 77163) , BLUE 1 LAKE (CI 42090) , CARMINE (CI 75470) , ORANGE 5 (CI 45370) , RED 6 (CI 15850) , RED 7 LAKE (CI 15850) , RED 21 (CI 45380) , RED 22 LAKE (CI 45380) , RED 28 LAKE (CI 45410) , RED 30 (CI 73360) , RED 30 LAKE (CI 73360) , RED 33 LAKE (CI 17200) , YELLOW 5 LAKE (CI 19140) , YELLOW 6 (CI 15985) , YELLOW 6 LAKE (CI 15985)]
                <ILNILN41002>
                  Please be aware that ingredient lists may change or vary from time to time. Please refer to the ingredient list on the product package you receive for the most up to date list of ingredients.
              
            Pros in our L.A. photo studio needed a no-touch-ups-needed lip lacquer that went on and stayed on in one comfortable smooth coat throughout an all-day shoot. So we pushed the boundaries and maxed out the amount of staining pigments we could blend in with glossy pearls and conditioning vitamin E, so you get a velvety, legendary lacquered finish that stays for a full 8 hours without drying or feeling tacky.Want an even fuller pout? Dab a lighter shade like Pout or Flushed in the center of your lips. Goes on as a lacquer, then uniquely adjusts to stain Long-lasting color; stays put for a full 8 hours Covers lips in one, smooth comfortable coat No patchy fading or annoying dry feeling 
              
                INGREDIENTS: POLYBUTENE , OCTYLDODECANOL , OZOKERITE , BIS-DIGLYCERYL POLYACYLADIPATE-2 , SILICA SILYLATE , PENTAERYTHRITYL TETRAISOSTEARATE , POLYGLYCERYL-2 TRIISOSTEARATE , TOCOPHEROL , TOCOPHERYL ACETATE , ASCORBYL PALMITATE , SQUALANE , PERSEA GRATISSIMA (AVOCADO) OIL , PALMITOYL OLIGOPEPTIDE , ETHYLHEXYL PALMITATE , TRIBEHENIN , ACRYLATES COPOLYMER , POLYETHYLENE TEREPHTHALATE , SILICA , TIN OXIDE , CALCIUM ALUMINUM BOROSILICATE , CALCIUM SODIUM BOROSILICATE , SYNTHETIC FLUORPHLOGOPITE , HYDROLYZED HYALURONIC ACID , CAPRYLYL GLYCOL , HEXYLENE GLYCOL , SORBITAN ISOSTEARATE , FLAVOR (AROMA) , PHENOXYETHANOL , [+/- MICA , TITANIUM DIOXIDE (CI 77891) , IRON OXIDES (CI 77491) , IRON OXIDES (CI 77492) , IRON OXIDES (CI 77499) , BISMUTH OXYCHLORIDE (CI 77163) , BLUE 1 LAKE (CI 42090) , CARMINE (CI 75470) , ORANGE 5 (CI 45370) , RED 6 (CI 15850) , RED 7 LAKE (CI 15850) , RED 21 (CI 45380) , RED 22 LAKE (CI 45380) , RED 28 LAKE (CI 45410) , RED 30 (CI 73360) , RED 30 LAKE (CI 73360) , RED 33 LAKE (CI 17200) , YELLOW 5 LAKE (CI 19140) , YELLOW 6 (CI 15985) , YELLOW 6 LAKE (CI 15985)]
                <ILNILN41002>
                  Please be aware that ingredient lists may change or vary from time to time. Please refer to the ingredient list on the product package you receive for the most up to date list of ingredients.
              
            "
464,519,smashbox,Always Sharp Lip Liner,21.0,USD,lipstick,2016-10-02T01:32:53.196Z,"Our makeup artists have no time to stop and sharpen their lip pencils—and obvi neither do you! That’s why we developed this brilliant liner, which self-sharpens automatically every time you twist off the cap. Choose liner that complements your lipstick, then get right to the point and create a camera-ready lip look!For the perfect ombre lip, line with a darker shade, then fill in with your favorite Be Legendary lipstick. One tiwst of the cap will do it. No need to over twist to sharpen! Water resistant and non-feathering Invisible liner preps lips for any color Automatically self-sharpensOne twist of the cap sharpens the liner.
              
                Formulated without Parabens, Sodium Lauryl Sulfate, Phthalates, Fragrance & Talc.INGREDIENTS: ISODODECANE , SYNTHETIC WAX , BIS-DIGLYCERYL POLYACYLADIPATE-2 , PENTAERYTHRITYL TETRAISOSTEARATE , POLYBUTENE , ETHYLENE/PROPYLENE COPOLYMER , POLYETHYLENE , PERFLUORONONYL DIMETHICONE , PENTAERYTHRITYL TETRA-DI-T-BUTYL HYDROXYHYDROCINNAMATE , [+/- MICA , TITANIUM DIOXIDE (CI 77891) , IRON OXIDES (CI 77491) , IRON OXIDES (CI 77492) , IRON OXIDES (CI 77499) , BISMUTH OXYCHLORIDE (CI 77163) , BLUE 1 LAKE (CI 42090) , CARMINE (CI 75470) , MANGANESE VIOLET (CI 77742) , RED 6 (CI 15850) , RED 7 LAKE (CI 15850) , RED 21 LAKE (CI 45380) , RED 22 LAKE (CI 45380) , RED 28 LAKE (CI 45410) , RED 30 (CI 73360) , RED 30 LAKE (CI 73360) , RED 33 LAKE (CI 17200) , RED 40 LAKE (CI 16035) , YELLOW 5 LAKE (CI 19140) , YELLOW 6 LAKE (CI 15985)]
                <ILNILN40920>
                  Please be aware that ingredient lists may change or vary from time to time. Please refer to the ingredient list on the product package you receive for the most up to date list of ingredients.
              
            Our makeup artists have no time to stop and sharpen their lip pencils—and obvi neither do you! That’s why we developed this brilliant liner, which self-sharpens automatically every time you twist off the cap. Choose liner that complements your lipstick, then get right to the point and create a camera-ready lip look!For the perfect ombre lip, line with a darker shade, then fill in with your favorite Be Legendary lipstick. One tiwst of the cap will do it. No need to over twist to sharpen! Water resistant and non-feathering Invisible liner preps lips for any color Automatically self-sharpensOne twist of the cap sharpens the liner.
              
                Formulated without Parabens, Sodium Lauryl Sulfate, Phthalates, Fragrance & Talc.INGREDIENTS: ISODODECANE , SYNTHETIC WAX , BIS-DIGLYCERYL POLYACYLADIPATE-2 , PENTAERYTHRITYL TETRAISOSTEARATE , POLYBUTENE , ETHYLENE/PROPYLENE COPOLYMER , POLYETHYLENE , PERFLUORONONYL DIMETHICONE , PENTAERYTHRITYL TETRA-DI-T-BUTYL HYDROXYHYDROCINNAMATE , [+/- MICA , TITANIUM DIOXIDE (CI 77891) , IRON OXIDES (CI 77491) , IRON OXIDES (CI 77492) , IRON OXIDES (CI 77499) , BISMUTH OXYCHLORIDE (CI 77163) , BLUE 1 LAKE (CI 42090) , CARMINE (CI 75470) , MANGANESE VIOLET (CI 77742) , RED 6 (CI 15850) , RED 7 LAKE (CI 15850) , RED 21 LAKE (CI 45380) , RED 22 LAKE (CI 45380) , RED 28 LAKE (CI 45410) , RED 30 (CI 73360) , RED 30 LAKE (CI 73360) , RED 33 LAKE (CI 17200) , RED 40 LAKE (CI 16035) , YELLOW 5 LAKE (CI 19140) , YELLOW 6 LAKE (CI 15985)]
                <ILNILN40920>
                  Please be aware that ingredient lists may change or vary from time to time. Please refer to the ingredient list on the product package you receive for the most up to date list of ingredients.
              
            "
465,518,smashbox,Insta-Matte Lipstick Transformer,24.0,USD,lipstick,2016-10-02T01:32:52.968Z,"Give your lipstick a matte makeover—instantly! Created by our L.A. photo studio pro artists to instantly double their lipstick collection on set, this gel transforms any cream lipstick into a velvety matte finish that’s never chalky. Now you can wear your favorite lip shades 2 ways, minus the mess of DIY mattifying methods. Loose powder on your lips? No thanks. Just pat for matte!Apply generously over cream lipstick using finger until a matte look is achieved. FYI: Not for use with glosses, lacquers or balms. Transforms any cream lipstick into a matte finish and doubles your lipstick wardrobe Improves wear of lipstick & prevents feathering Portable tube makes it perfect for on-the-go Apply generously over cream lipstick using finger until a matte look is achieved. FYI: Not for use with glosses, lacquers or balms.
              
                Formulated without Parabens, Sodium Lauryl Sulfate, Phthalates, Fragrance & Talc.INGREDIENTS: DIMETHICONE , DIMETHICONE CROSSPOLYMER , TOCOPHEROL , TOCOPHERYL ACETATE , CAPRYLYL GLYCOL , HEXYLENE GLYCOL , TETRAHEXYLDECYL ASCORBATE , PHENOXYETHANOL
                <ILNILN42165>
                  Please be aware that ingredient lists may change or vary from time to time. Please refer to the ingredient list on the product package you receive for the most up to date list of ingredients.
              
            Give your lipstick a matte makeover—instantly! Created by our L.A. photo studio pro artists to instantly double their lipstick collection on set, this gel transforms any cream lipstick into a velvety matte finish that’s never chalky. Now you can wear your favorite lip shades 2 ways, minus the mess of DIY mattifying methods. Loose powder on your lips? No thanks. Just pat for matte!Apply generously over cream lipstick using finger until a matte look is achieved. FYI: Not for use with glosses, lacquers or balms. Transforms any cream lipstick into a matte finish and doubles your lipstick wardrobe Improves wear of lipstick & prevents feathering Portable tube makes it perfect for on-the-go Apply generously over cream lipstick using finger until a matte look is achieved. FYI: Not for use with glosses, lacquers or balms.
              
                Formulated without Parabens, Sodium Lauryl Sulfate, Phthalates, Fragrance & Talc.INGREDIENTS: DIMETHICONE , DIMETHICONE CROSSPOLYMER , TOCOPHEROL , TOCOPHERYL ACETATE , CAPRYLYL GLYCOL , HEXYLENE GLYCOL , TETRAHEXYLDECYL ASCORBATE , PHENOXYETHANOL
                <ILNILN42165>
                  Please be aware that ingredient lists may change or vary from time to time. Please refer to the ingredient list on the product package you receive for the most up to date list of ingredients.
              
            "
466,517,smashbox,BE LEGENDARY LIPSTICK × FOSTER SISTERS,21.0,USD,lipstick,2016-10-02T01:32:52.850Z,"Smashbox Cosmetics has collaborated with the effortlessly cool and hilarious ""Barely Famous"" (VH1) sisters, Erin and Sara Foster, to celebrate the launch of the new Be Legendary Lipstick collection. The sisters personalized selections illustrates their unforgettable personalities and the enviable shades of the always photo ready lipstick. Sara chose a soft nude shade, Honey, while Erin chose Mandarin, a vibrant red orange. Both stay put and pop on camera, delivering rich, vibrant color in just 1 swipe.In a pinch, dot cream shades on cheeks for an instant flush.Available in nudes, neutrals, reds, corals, pinks, berries, browns, violets and bolds Pigment-loaded formula glides on and feels lush and light on the lips Moisturizing, satin-smooth creams soften and protect lips with shea butter + vitamins C and E Silky, vitamin-fortified mattes won't dry out or settle unevenly on lips
              
                Formulated without Parabens, Sodium Lauryl Sulfate, Phthalates, Fragrance & Talc.INGREDIENTS: PENTAERYTHRITYL TETRAISOSTEARATE , BIS-DIGLYCERYL POLYACYLADIPATE-2 , CAPRYLIC/CAPRIC TRIGLYCERIDE , OLEIC/LINOLEIC/LINOLENIC POLYGLYCERIDES , EUPHORBIA CERIFERA (CANDELILLA) WAX\CANDELILLA CERA\CIRE DE CANDELILLA , PVP/HEXADECENE COPOLYMER , DIPENTAERYTHRITYL HEXAHYDROXYSTEARATE/HEXASTEARATE/HEXAROSINATE , DIISOSTEARYL MALATE , POLYETHYLENE , HYDROGENATED POLYDECENE , POLYBUTENE , CETYL LACTATE , SYNTHETIC WAX , BUTYROSPERMUM PARKII (SHEA BUTTER) , TOCOPHEROL , TOCOPHERYL ACETATE , ASCORBYL PALMITATE , GLYCINE SOJA (SOYBEAN) SEED EXTRACT , OLEA EUROPAEA (OLIVE) FRUIT EXTRACT , CHAMOMILLA RECUTITA (MATRICARIA) FLOWER OIL , BEESWAX\CERA ALBA\CIRE D¿ABEILLE , COPERNICIA CERIFERA (CARNAUBA) WAX\CERA CARNAUBA\CIRE DE CARNAUBA , SYNTHETIC BEESWAX , CERAMIDE 3 , CHOLESTEROL , OCTYLDODECANOL , TRITICUM VULGARE (WHEAT) BRAN EXTRACT , POTASSIUM SULFATE , ALUMINA , CALCIUM ALUMINUM BOROSILICATE , CALCIUM SODIUM BOROSILICATE , TIN OXIDE , SILICA , OLEIC ACID , PALMITIC ACID , CETYL ALCOHOL , GLYCERYL STEARATE , ETHYLHEXYL HYDROXYSTEARATE , FLAVOR (AROMA) , VANILLIN , [+/- MICA , TITANIUM DIOXIDE (CI 77891) , IRON OXIDES (CI 77491) , IRON OXIDES (CI 77492) , IRON OXIDES (CI 77499) , BISMUTH OXYCHLORIDE (CI 77163) , BLUE 1 LAKE (CI 42090) , CARMINE (CI 75470) , RED 6 (CI 15850) , RED 21 (CI 45380) , RED 6 LAKE (CI 15850) , RED 7 LAKE (CI 15850) , RED 28 LAKE (CI 45410) , RED 30 LAKE (CI 73360) , RED 33 LAKE (CI 17200) , YELLOW 5 LAKE (CI 19140) , YELLOW 6 LAKE (CI 15985)]
                <ILN>
                  Please be aware that ingredient lists may change or vary from time to time. Please refer to the ingredient list on the product package you receive for the most up to date list of ingredients.
              
            Smashbox Cosmetics has collaborated with the effortlessly cool and hilarious ""Barely Famous"" (VH1) sisters, Erin and Sara Foster, to celebrate the launch of the new Be Legendary Lipstick collection. The sisters personalized selections illustrates their unforgettable personalities and the enviable shades of the always photo ready lipstick. Sara chose a soft nude shade, Honey, while Erin chose Mandarin, a vibrant red orange. Both stay put and pop on camera, delivering rich, vibrant color in just 1 swipe.In a pinch, dot cream shades on cheeks for an instant flush.Available in nudes, neutrals, reds, corals, pinks, berries, browns, violets and bolds Pigment-loaded formula glides on and feels lush and light on the lips Moisturizing, satin-smooth creams soften and protect lips with shea butter + vitamins C and E Silky, vitamin-fortified mattes won't dry out or settle unevenly on lips
              
                Formulated without Parabens, Sodium Lauryl Sulfate, Phthalates, Fragrance & Talc.INGREDIENTS: PENTAERYTHRITYL TETRAISOSTEARATE , BIS-DIGLYCERYL POLYACYLADIPATE-2 , CAPRYLIC/CAPRIC TRIGLYCERIDE , OLEIC/LINOLEIC/LINOLENIC POLYGLYCERIDES , EUPHORBIA CERIFERA (CANDELILLA) WAX\CANDELILLA CERA\CIRE DE CANDELILLA , PVP/HEXADECENE COPOLYMER , DIPENTAERYTHRITYL HEXAHYDROXYSTEARATE/HEXASTEARATE/HEXAROSINATE , DIISOSTEARYL MALATE , POLYETHYLENE , HYDROGENATED POLYDECENE , POLYBUTENE , CETYL LACTATE , SYNTHETIC WAX , BUTYROSPERMUM PARKII (SHEA BUTTER) , TOCOPHEROL , TOCOPHERYL ACETATE , ASCORBYL PALMITATE , GLYCINE SOJA (SOYBEAN) SEED EXTRACT , OLEA EUROPAEA (OLIVE) FRUIT EXTRACT , CHAMOMILLA RECUTITA (MATRICARIA) FLOWER OIL , BEESWAX\CERA ALBA\CIRE D¿ABEILLE , COPERNICIA CERIFERA (CARNAUBA) WAX\CERA CARNAUBA\CIRE DE CARNAUBA , SYNTHETIC BEESWAX , CERAMIDE 3 , CHOLESTEROL , OCTYLDODECANOL , TRITICUM VULGARE (WHEAT) BRAN EXTRACT , POTASSIUM SULFATE , ALUMINA , CALCIUM ALUMINUM BOROSILICATE , CALCIUM SODIUM BOROSILICATE , TIN OXIDE , SILICA , OLEIC ACID , PALMITIC ACID , CETYL ALCOHOL , GLYCERYL STEARATE , ETHYLHEXYL HYDROXYSTEARATE , FLAVOR (AROMA) , VANILLIN , [+/- MICA , TITANIUM DIOXIDE (CI 77891) , IRON OXIDES (CI 77491) , IRON OXIDES (CI 77492) , IRON OXIDES (CI 77499) , BISMUTH OXYCHLORIDE (CI 77163) , BLUE 1 LAKE (CI 42090) , CARMINE (CI 75470) , RED 6 (CI 15850) , RED 21 (CI 45380) , RED 6 LAKE (CI 15850) , RED 7 LAKE (CI 15850) , RED 28 LAKE (CI 45410) , RED 30 LAKE (CI 73360) , RED 33 LAKE (CI 17200) , YELLOW 5 LAKE (CI 19140) , YELLOW 6 LAKE (CI 15985)]
                <ILN>
                  Please be aware that ingredient lists may change or vary from time to time. Please refer to the ingredient list on the product package you receive for the most up to date list of ingredients.
              
            "
467,516,smashbox,Be Legendary Lipstick,21.0,USD,lipstick,2016-10-02T01:32:51.694Z,"Makeup artists in our L.A. studio were constantly blending colors to achieve lipstick nirvana. That’s why we expanded the line to include 120 jaw-dropping shades! Our creams and mattes stay put and pop on camera, delivering rich, vibrant color in just 1 swipe.In a pinch, dot cream shades on cheeks for an instant flush.Available in nudes, neutrals, reds, corals, pinks, berries, browns, violets and bolds Pigment-loaded formula glides on and feels lush and light on the lips Moisturizing, satin-smooth creams soften and protect lips with shea butter + vitamins C and E Silky, vitamin-fortified mattes won’t dry out or settle unevenly on lips
              
                Formulated without Parabens, Sodium Lauryl Sulfate, Phthalates, Fragrance & Talc.INGREDIENTS: PENTAERYTHRITYL TETRAISOSTEARATE , BIS-DIGLYCERYL POLYACYLADIPATE-2 , CAPRYLIC/CAPRIC TRIGLYCERIDE , OLEIC/LINOLEIC/LINOLENIC POLYGLYCERIDES , EUPHORBIA CERIFERA (CANDELILLA) WAX\CANDELILLA CERA\CIRE DE CANDELILLA , PVP/HEXADECENE COPOLYMER , DIPENTAERYTHRITYL HEXAHYDROXYSTEARATE/HEXASTEARATE/HEXAROSINATE , DIISOSTEARYL MALATE , POLYETHYLENE , HYDROGENATED POLYDECENE , POLYBUTENE , CETYL LACTATE , SYNTHETIC WAX , BUTYROSPERMUM PARKII (SHEA BUTTER) , TOCOPHEROL , TOCOPHERYL ACETATE , ASCORBYL PALMITATE , GLYCINE SOJA (SOYBEAN) SEED EXTRACT , OLEA EUROPAEA (OLIVE) FRUIT EXTRACT , CHAMOMILLA RECUTITA (MATRICARIA) FLOWER OIL , BEESWAX\CERA ALBA\CIRE D¿ABEILLE , COPERNICIA CERIFERA (CARNAUBA) WAX\CERA CARNAUBA\CIRE DE CARNAUBA , SYNTHETIC BEESWAX , CERAMIDE 3 , CHOLESTEROL , OCTYLDODECANOL , TRITICUM VULGARE (WHEAT) BRAN EXTRACT , POTASSIUM SULFATE , ALUMINA , CALCIUM ALUMINUM BOROSILICATE , CALCIUM SODIUM BOROSILICATE , TIN OXIDE , SILICA , OLEIC ACID , PALMITIC ACID , CETYL ALCOHOL , GLYCERYL STEARATE , ETHYLHEXYL HYDROXYSTEARATE , FLAVOR (AROMA) , VANILLIN , [+/- MICA , TITANIUM DIOXIDE (CI 77891) , IRON OXIDES (CI 77491) , IRON OXIDES (CI 77492) , IRON OXIDES (CI 77499) , BISMUTH OXYCHLORIDE (CI 77163) , BLUE 1 LAKE (CI 42090) , CARMINE (CI 75470) , RED 6 (CI 15850) , RED 21 (CI 45380) , RED 6 LAKE (CI 15850) , RED 7 LAKE (CI 15850) , RED 28 LAKE (CI 45410) , RED 30 LAKE (CI 73360) , RED 33 LAKE (CI 17200) , YELLOW 5 LAKE (CI 19140) , YELLOW 6 LAKE (CI 15985)]
                <ILNILN40008>
                  Please be aware that ingredient lists may change or vary from time to time. Please refer to the ingredient list on the product package you receive for the most up to date list of ingredients.
              
            Makeup artists in our L.A. studio were constantly blending colors to achieve lipstick nirvana. That’s why we expanded the line to include 120 jaw-dropping shades! Our creams and mattes stay put and pop on camera, delivering rich, vibrant color in just 1 swipe.In a pinch, dot cream shades on cheeks for an instant flush.Available in nudes, neutrals, reds, corals, pinks, berries, browns, violets and bolds Pigment-loaded formula glides on and feels lush and light on the lips Moisturizing, satin-smooth creams soften and protect lips with shea butter + vitamins C and E Silky, vitamin-fortified mattes won’t dry out or settle unevenly on lips
              
                Formulated without Parabens, Sodium Lauryl Sulfate, Phthalates, Fragrance & Talc.INGREDIENTS: PENTAERYTHRITYL TETRAISOSTEARATE , BIS-DIGLYCERYL POLYACYLADIPATE-2 , CAPRYLIC/CAPRIC TRIGLYCERIDE , OLEIC/LINOLEIC/LINOLENIC POLYGLYCERIDES , EUPHORBIA CERIFERA (CANDELILLA) WAX\CANDELILLA CERA\CIRE DE CANDELILLA , PVP/HEXADECENE COPOLYMER , DIPENTAERYTHRITYL HEXAHYDROXYSTEARATE/HEXASTEARATE/HEXAROSINATE , DIISOSTEARYL MALATE , POLYETHYLENE , HYDROGENATED POLYDECENE , POLYBUTENE , CETYL LACTATE , SYNTHETIC WAX , BUTYROSPERMUM PARKII (SHEA BUTTER) , TOCOPHEROL , TOCOPHERYL ACETATE , ASCORBYL PALMITATE , GLYCINE SOJA (SOYBEAN) SEED EXTRACT , OLEA EUROPAEA (OLIVE) FRUIT EXTRACT , CHAMOMILLA RECUTITA (MATRICARIA) FLOWER OIL , BEESWAX\CERA ALBA\CIRE D¿ABEILLE , COPERNICIA CERIFERA (CARNAUBA) WAX\CERA CARNAUBA\CIRE DE CARNAUBA , SYNTHETIC BEESWAX , CERAMIDE 3 , CHOLESTEROL , OCTYLDODECANOL , TRITICUM VULGARE (WHEAT) BRAN EXTRACT , POTASSIUM SULFATE , ALUMINA , CALCIUM ALUMINUM BOROSILICATE , CALCIUM SODIUM BOROSILICATE , TIN OXIDE , SILICA , OLEIC ACID , PALMITIC ACID , CETYL ALCOHOL , GLYCERYL STEARATE , ETHYLHEXYL HYDROXYSTEARATE , FLAVOR (AROMA) , VANILLIN , [+/- MICA , TITANIUM DIOXIDE (CI 77891) , IRON OXIDES (CI 77491) , IRON OXIDES (CI 77492) , IRON OXIDES (CI 77499) , BISMUTH OXYCHLORIDE (CI 77163) , BLUE 1 LAKE (CI 42090) , CARMINE (CI 75470) , RED 6 (CI 15850) , RED 21 (CI 45380) , RED 6 LAKE (CI 15850) , RED 7 LAKE (CI 15850) , RED 28 LAKE (CI 45410) , RED 30 LAKE (CI 73360) , RED 33 LAKE (CI 17200) , YELLOW 5 LAKE (CI 19140) , YELLOW 6 LAKE (CI 15985)]
                <ILNILN40008>
                  Please be aware that ingredient lists may change or vary from time to time. Please refer to the ingredient list on the product package you receive for the most up to date list of ingredients.
              
            "
468,515,smashbox,ALWAYS ON LIQUID LIPSTICK,24.0,USD,lipstick,2016-10-02T01:32:51.374Z,"Perfected on-set in our L.A. photo studio, our long-wear, water-resistant liquid lipstick features Advanced Polymer Technology that makes it stay put and look as fresh and flawless as your first swipe—for up to 8 hours. Featherweight but fierce, this liquid matte formula is infused with lip-smoothing Primer Oil complex for suede-soft lip color in 20 super-rad shades. It’s smudge-proof, budge-proof and non-feathering. Because really, who has time for touch-ups? LILLY SINGH + SMASHBOXMegastar Lilly Singh is a comedian, artist and all-around entertainer who inspires her eight million YouTube subscribers to be a ""Bawse."" The second we met her, we knew we had to collaborate. We bottled her smart, funny vibe and created Bawse, Lilly's own signature shade of our Always On Liquid Lipstick. This no-rules red is fierce, featherweight and looks as fresh as your first swipe for eight hours. Wear it whenever you want to make things happen.The only matte liquid lipstick infused with Smashbox Primer Oil complex to keep it comfortableAdvanced Polymer Technology makes it stay put and look as fresh and flawless as the first swipePrecision tip applicator lines and fills with one swipe of our no-drop reservoirBudge-proof, non-feathering and water-resistantTo use: Define lip with precise tip and fill in with color. Wipe off with oil-based remover.  
              
                Formulated without Parabens, Sodium Lauryl Sulfate, Phthalates, Fragrance & Talc.INGREDIENTS: Isododecane, Dimethicone, Trimethylsiloxysilicate, Polybutene, Petrolatum, Cyclohexasiloxane, Kaolin, Disteardimonium Hectorite, Beeswax\Cera Alba\Cire d'Abeille, Silica Dimethyl Silylate, Glyceryl Behenate/Eicosadioate, Tocopheryl Acetate, Propylene Carbonate, Helianthus Annuus (Sunflower) Seed Oil, Prunus Armeniaca (Apricot) Kernel Oil, Simmondsia Chinensis (Jojoba) Seed Oil, Cyclopentasiloxane, Flavor (Aroma), Caprylyl Glycol, Hexylene Glycol, Phenoxyethanol, [+/- Blue 1 Lake (CI 42090), Carmine (CI 75470), Iron Oxides (CI 77491), Iron Oxides (CI 77492), Iron Oxides (CI 77499), Mica, Red 6 (CI 15850), Red 7 Lake (CI 15850), Red 22 Lake (CI 45380), Red 28 (CI 45410), Red 28 Lake (CI 45410), Red 30 (CI 73360), Red 30 Lake (CI 73360), Red 33 Lake (CI 17200), Titanium Dioxide (CI 77891), Yellow 5 Lake (CI 19140), Yellow 6 Lake (CI 15985)] 
                <ILNILN42556>
                  Please be aware that ingredient lists may change or vary from time to time. Please refer to the ingredient list on the product package you receive for the most up to date list of ingredients.
              
            Perfected on-set in our L.A. photo studio, our long-wear, water-resistant liquid lipstick features Advanced Polymer Technology that makes it stay put and look as fresh and flawless as your first swipe—for up to 8 hours. Featherweight but fierce, this liquid matte formula is infused with lip-smoothing Primer Oil complex for suede-soft lip color in 20 super-rad shades. It’s smudge-proof, budge-proof and non-feathering. Because really, who has time for touch-ups? LILLY SINGH + SMASHBOXMegastar Lilly Singh is a comedian, artist and all-around entertainer who inspires her eight million YouTube subscribers to be a ""Bawse."" The second we met her, we knew we had to collaborate. We bottled her smart, funny vibe and created Bawse, Lilly's own signature shade of our Always On Liquid Lipstick. This no-rules red is fierce, featherweight and looks as fresh as your first swipe for eight hours. Wear it whenever you want to make things happen.The only matte liquid lipstick infused with Smashbox Primer Oil complex to keep it comfortableAdvanced Polymer Technology makes it stay put and look as fresh and flawless as the first swipePrecision tip applicator lines and fills with one swipe of our no-drop reservoirBudge-proof, non-feathering and water-resistantTo use: Define lip with precise tip and fill in with color. Wipe off with oil-based remover.  
              
                Formulated without Parabens, Sodium Lauryl Sulfate, Phthalates, Fragrance & Talc.INGREDIENTS: Isododecane, Dimethicone, Trimethylsiloxysilicate, Polybutene, Petrolatum, Cyclohexasiloxane, Kaolin, Disteardimonium Hectorite, Beeswax\Cera Alba\Cire d'Abeille, Silica Dimethyl Silylate, Glyceryl Behenate/Eicosadioate, Tocopheryl Acetate, Propylene Carbonate, Helianthus Annuus (Sunflower) Seed Oil, Prunus Armeniaca (Apricot) Kernel Oil, Simmondsia Chinensis (Jojoba) Seed Oil, Cyclopentasiloxane, Flavor (Aroma), Caprylyl Glycol, Hexylene Glycol, Phenoxyethanol, [+/- Blue 1 Lake (CI 42090), Carmine (CI 75470), Iron Oxides (CI 77491), Iron Oxides (CI 77492), Iron Oxides (CI 77499), Mica, Red 6 (CI 15850), Red 7 Lake (CI 15850), Red 22 Lake (CI 45380), Red 28 (CI 45410), Red 28 Lake (CI 45410), Red 30 (CI 73360), Red 30 Lake (CI 73360), Red 33 Lake (CI 17200), Titanium Dioxide (CI 77891), Yellow 5 Lake (CI 19140), Yellow 6 Lake (CI 15985)] 
                <ILNILN42556>
                  Please be aware that ingredient lists may change or vary from time to time. Please refer to the ingredient list on the product package you receive for the most up to date list of ingredients.
              
            "
828,114,covergirl,CoverGirl Outlast Longwear Lipstick,10.99,USD,lipstick,2016-10-01T18:25:52.547Z,"With CoverGirl Outlast Longwear Lipstick you get both moisture and colour! No need to choose!This long lasting lipstick doesn’t flake or 
crumble because it’s super-powered with moisture. It'll stays super fresh and 
super flexible all day, leaving you with a light weight but very pigmented lip look."
829,113,covergirl,CoverGirl Outlast Lipcolor Moisturizing Clear Topcoat (500),12.99,USD,lipstick,2016-10-01T18:25:51.301Z,"CoverGirl Outlast Lipcolor Moisturizing Clear Topcoat is a moisturizing lip gloss that keeps lips feeling moist, soft & smooth.Features: Moisturizing formulaSafe for sensitive skinFragrance freeIngredients: Sucrose Polycottonseedate, Ozokerite, Beeswax/ Cire D'Abeille, Tocopheryl Acetate, Tocopherol, Propyl Gallate, Propylparaben, Acetyl Glucosamine, Cocos Nucifera (Coconut Oil), Aloe Barbadensis Leaf Extract, Theobroma Cacao (Cocoa) Seed Butter, Butyrospermum Parkii (Shea Butter), Sodium Saccharin, Flavor/Aroma, Eu Inci, Sucrose Polycottonseedate, Ozokerite, Cera Alba, Tocopheryl Acetate, Tocopherol, Propylparaben, Propyl Gallate, Acetyl Glucosamine, Cocos Nucifera (Coconut Oil), Aloe Barbadensis Leaf Extract, Theobroma Cacao (Cocoa) Seed Butter, Butyrospermum Parkii (Shea Butter), Sodium Saccharin, Aroma"
830,107,butter london,butter LONDON Moisture Matte Lipstick,28.96,USD,lipstick,2016-10-01T18:25:45.292Z,"butter LONDON Moisture Matte Lipstick offers full coverage, ultimate colour payoff in a velvety matte finish.
With specialized pigments that extend colour wear, this long-lasting, non-drying 
formula does not feather or bleed. Revolutionary gel-capsule technology 
delivers colour and moisture for smooth, silky application and maximum 
comfort. Triple Butter Complex for rich, creamy, lasting moisture – 
Mango Seed Butter, Murumuru Seed Butter, and Cupuacu Seed Butter. 
Vitamin E and minerals smooth the lip surface for a flawless 
application. Subtly scented with creamy vanilla. Sleek, slim line metal 
component for easy application, control and portability.Ingredients: Pentaerythrityl Tetraisostearate, Caprylic/Capric Triglyceride, Ethylhexyl Palmitate, Silica, Aluminum Starch Octenylsuccinate, Polyethylene, Bis-Diglyceryl Polyacyladipate-2, C20-40 Alcohols, Caprylyl Glycol, Mangifera Indica (Mango) Seed Butter, Theobroma Grandiflorum Seed Butter, Astrocaryum Murumuru Seed Butter, Parfum (Fragrance), Benzyl Benzoate, Tocopheryl Acetate, Tocopherol, Calcium Sodium Borosilicate, Tin Oxide. May Contain: Titanium Dioxide (CI 77891), Iron Oxides (CI 77491, 77492, 77499), Mica (CI 77019), Red 6 (CI 15850), Red 7 Lake (CI 15850), Red 27 (CI 45410), Red 28 Lake (CI 45410), Red 30 Lake (CI 73360), Red 33 Lake (CI 17200), Yellow 5 Lake (CI 19140), Blue 1 Lake (CI 42090), Carmine (CI 75470).Paraben Free"
831,106,l'oreal,L'Oreal Paris Colour Riche Le Matte & La Lacque Lip Colour,11.49,USD,lipstick,2016-10-01T18:25:43.991Z,"Introducing Colour Riche Le Matte & La Lacque, the newest format in lip colour. velvety matte or irresistibly glossy pigment-rich colour, perfectly precise. Use it anywhere, anytime – it’s the newest makeup designer must-have!Features:The sleek, sophisticated pen offers highly pigmented colour Glides on effortlessly in one precise stroke Available in 2 iconic finishes, creamy matte & smooth lacquerEnriched with argan oil for deep hydration and soft feel & vitamin antioxidant for protection"
832,105,covergirl,CoverGirl Colorlicious Lipstick,10.49,USD,lipstick,2016-10-01T18:25:42.891Z,"CoverGirl Colorlicious Lipstick gives you rich, satisfying color in shades you can't help but crave!Features: Deliciously rich color infused with shea butterFull coverage color, high shine intensityNatural butters help keep lips suppleLasting colourIngredients:
 Ricinus Communis (Castor) Seed Oil, Isopropyl Isostearate, Mica, 
Ethylhexyl Hydroxystearate, Acetylated Lanolin, Ozokerite, Euphorbia 
Cerifera (Candelilla) Wax/Cire De Candelilla, Paraffin, Squalane, 
Copernicia Cerifera (Carnauba) Wax/Cire De Carnauba, Cetyl Lactate, 
Cetyl Alcohol, Fragrance/Parfum, Ascorbyl Palmitate, Tocopheryl Acetate,
 Maltodextrin, Camellia Sinensis Leaf Extract, Butyrospermum Parkii 
(Shea) Butter, Silk Powder/Poudre De Soie, Persea Gratissima (Avocado) 
Oil, Cocos Nucifera (Coconut) Oil, Aloe Barbadensis Leaf Extract, 
Propylparaben, Hydrogenated Vegetable Oil, Retinyl Palmitate, Some 
Shades Also Contain/Certaines Teintes Contiennent Aussi: Lauroyl Lysine,
 Synthetic Fluorphlogopite, May Contain/Peut Contenir: Titanium Dioxide,
 Red 7 Lake, Yellow 5 Lake, Red 6 Lake, Iron Oxides, Blue 1 Lake, 
Carmine, Red 27 Lake, Yellow 6 Lake, Orange 5, Red 27"
833,102,covergirl,CoverGirl Outlast Lipcolor,12.99,USD,lipstick,2016-10-01T18:25:39.503Z,"CoverGirls very popular longwear lip color just got better! The advanced formula with resilient, brilliant color and new applicator gives you up to 24 hours of color in just 2 easy, breezy steps.Features:Lasts up to 24 hoursBeautiful shades that are food proof and transfer resistant all day!Moisturizing topcoat keeps lips feeling moist, soft and smoothApplication Tips: Apply color to clean lips. Let dry 60 seconds. Apply moisturizing topcoat. Reapply topcoat like a balm throughout the day to refresh your look and feel."
834,101,mineral fusion,Mineral Fusion Sheer Moisture Lip Tint,12.0,USD,lipstick,2016-10-01T18:25:38.145Z,"Mineral Fusion Sheer Moisture Lip Tint is a sheer, buildable mineral colour that provides long-lasting hydration and applies effortlessly on-the-go with no mirror required.  The 100% pure mineral shades are ultra-hydrating, infused with Cocoa Butter, a lip-firming peptide, and a refreshing Vanilla-Mint flavor.  Features:Hydrating & FirmingPerfect for On-The-Go UseFree of artificial colour and fragranceCruelty FreeParaben FreeTalc FreeHypo-allergenicPhthalate FreeIngredients: Ricinus Communis (Castor) Seed Oil, Ethylhexyl Hydroxystearate, Jojoba (Simmondsia  Chinensis) Seed Oil, Cera Alba (Beeswax), Euphorbia Cerifera (Candelilla) Wax,  Copernicia Cerifera (Carnauba) Wax, Isopropyl Palmitate, Cetyl Alcohol, Ascorbic Acid  (Vitamin C), Theobroma Cacao (Cocoa) Seed Butter, Aloe Barbadensis, Tocopheryl  Acetate (Vitamin E), Palmitoyl Tripeptide-5, Olea Europaea (Olive) Leaf Extract,  Eupatorium Rebaudianum Bertoni Leaf Extract, Origanum Vulgare (Oregano) Leaf  Extract, Thymus Vulgarus (Thyme) Extract, Cocos Nucifera (Coconut) Oil, and Natural  Vanilla Mint.    May Contain: Red Iron Oxide, Yellow Iron Oxide, Black Iron Oxide, Titanium Dioxide, Mica. Gluten Free, Vegan"
835,99,dr. hauschka,Dr. Hauschka Limited Edition Lipstick Novum,27.0,USD,lipstick,2016-10-01T18:25:36.091Z,"This Dr. Hauschka Lipstick leaves the lips feeling soft and silky thanks
 to its composition of premium argan oil and beeswax, as well as mineral
 pigments and medicinal plant extracts.  The colour of the slim-liner 
combines with the natural red of the lips to create completely uniquenuances of colour.Ingredients: Ricinus
 Communis (Castor) Seed Oil, Simmondsia Chinensis (Jojoba) Seed Oil, 
Rosa Canina Fruit Extract, Lanolin, Beeswax (Cera Alba), Mica, Daucus 
Carota Sativa (Carrot) Root Extract, Argania Spinosa Kernel Oil, 
Euphorbia Cerifera (Candelilla) Wax, Copernicia Cerifera (Carnauba) Wax,
 Rosa Damascena Flower Extract, Anthyllis Vulneraria Extract, Prunus 
Amygdalus Dulcis (Sweet Almond) Oil, Prunus Armeniaca (Apricot) Kernel 
Oil, Hydrogenated Jojoba Oil, Rosa Damascena Flower Wax, Fragrance 
(Parfum), Linalool*, Benzyl Benzoate*, Farnesol*, Limonene*, Geraniol*, 
Benzyl Salicylate*, Eugenol*, Citronellol*, Benzyl Alcohol*, 
Maltodextrin, Lecithin, Silica, Carmine (CI 75470), Iron Oxides (CI 
77491, CI 77492, CI 77499), Titanium Dioxide (CI 77891).  *component of 
natural essential oils"
836,98,marcelle,Marcelle Rouge Xpression Lipstick,11.99,USD,lipstick,2016-10-01T18:25:34.246Z,"Luscious lips made easy! Express your true self with Marcelle Rouge Xpression lipstick! Rouge Xpression
 has a dual personality that will delight your lips; it has a 
moisturizing Maxi-Lip complex that hydrates your lips' delicate skin and
 adds sexy volume.
Replete with avocado and Omega-6 oils, its formula prevents dry, 
cracked lips and restores moisture. Its creamy, velvety and non-sticky 
texture ensures total comfort. And with so many vibrant colours, biting 
into life will never have looked so sexy!
Hypoallergenic and perfume-free."
837,97,maybelline,Maybelline Color Sensational Vivid Matte Liquid Lip Colour,12.99,USD,lipstick,2016-10-01T18:25:33.281Z,"Bold, vivid color glides easily onto lips for a velvety matte finish with Maybelline Color Sensational Vivid Matte Liquid Lip Colour. 
Formula is comfortable and creamy with a smooth feel upon application. 
With full color coverage, the result is a rich, intense lip look in a 
range of colors from Nude Flush to Electric Pink to Vivid Violet.Features: Lip color glides on smooth to a matte finishInfused with pure pigments for high-impact colorCreamy liquid base for a soft, cushiony feel"
838,96,revlon,Revlon Ultra HD Lip Lacquer,10.99,USD,lipstick,2016-10-01T18:25:31.871Z,"Lip lacquer goes HD with Revlon's innovative wax-free gel technology. Get true color clarity, vivid high-impact shine and a bouncy, lightweight feel. "
839,95,nyx,NYX Jumbo Lip Pencil ,5.99,USD,lipstick,2016-10-01T18:25:30.256Z,"NYX Jumbo Lip Pencil is a radiant lip liner that also doubles as a lipstick. NYX Jumbo Lip Pencils infuse lips with alluring, nourishing color, and help you create a perfect pout. Features:Line, define and color with one jumbo pencilFormulated with mineral oil which does not dry out your lipsGoes on smoothly for easy applicationComes in a variety of seductive shades"
840,94,cargo cosmetics,Cargo Cosmetics ColorStick,32.0,USD,lipstick,2016-10-01T18:25:29.390Z,"Cargo Cosmetics ColorSticks are an oil-free, cream colour stick that blends effortlessly to eyes, 
cheeks and lips, for a natural, monochromatic look.  The velvety, 
ultra-light texture blends flawlessly onto the skin for an “airbrushed” 
finish.  Cheeks appear smooth and flawless.  The cream-to-powder formula
 sets for an exceptionally longwearing finish and never settles into 
fine lines.  The dial-up stick makes application a breeze.
Available in 5 shades:  Santorini, Key West and Maui give a natural and 
pretty colour to the cheeks, eyes and lips.  St. Tropez offers sheer 
bronze glow perfect for giving a soft tan glow or sculpting the 
cheekbones.  Champagne is a warm highlighter that is ideal for 
highlighting key areas of the face.   

Features and Benefits
The make-up you’re wearing when you’re not wearing make-upA three-in-one cream-to-powder colour stick for the eyes, lips and cheeks The simplicity of multi-use colour in a convenient dial-up stickA velvety, ultra-light texture that blends flawlessly onto the skin for an “airbrushed” finishThe cream-to-powder formula sets for an exceptionally longwearing finish and never settles into fine linesResults in the ultimate nude glow that seems to come from withinDelivers a glowing finish that is never greasy and exceptionally long lastingOIL-FREEHow to Use: Application is versatile. Apply it directly from the stick, blending 
with your fingers or a foundation brush. Or use a brush directly on the 
product and then blend with the brush onto your cheeks.Ingredients: Isopropyl Myristate,Mica, Ethylhexyl Palmitate, Isopropyl Stearate, 
HDI/Trimethylol Hexyllactone Crosspolymer, Polymethylsilsesquioxane, 
Synthetic Wax, CI 77891 (Titanium Dioxide), Ozokerite,  CI 77491 (Iron 
Oxides), CI 75470 (Carmine)."
841,93,revlon,Revlon ColorBurst Lacquer Balm,11.49,USD,lipstick,2016-10-01T18:25:28.092Z,"Revlon ColorBurst Lacquer Balm offers high shine with balm-like 
moisture!  Packaged in an adorable chubby crayon, this Lacquer balm is infused with a Triple Butter Complex of Shea, Mango and 
Coconut Butter."
842,92,cargo cosmetics,Cargo Cosmetics Essential Lip Color,24.0,USD,lipstick,2016-10-01T18:25:26.646Z,"Cargo Cosmetics Essential Lip Color has a smooth, creamy and lightweight formula that offers high pigment 
payoff while leaving lips plump and perfectly hydrated throughout the 
day. Olive oil, Shea Butter and Jojoba oil provide essential moisture 
while plumping peptides offer instant fullness.
 
Features:
Rich Emollients of olive oil, jojoba and shea butter flood lips with
 essential moisture, enhancing the feel and wear of the lipstick.Maxi Lip greatly increases lip moisture as it reinforces the 
connective tissue of the lips. Instantly lips appear fuller and more 
voluminous.Gluten FreeShade Range: Ingredients: Hydrogenated Polyisobutene, Phytosteryl/Isostearyl/Cetyl/Stearyl/Behenyl
 Dimer Dilinoleate, Polyethylene, Bis-Diglyceryl Polyacyladipate-2, 
Octyldodecanol, Triisostearin, Phenyl Trimethicone, Hydrated Silica, 
Squalane, Microcrystalline Wax (Cera Microcristallina), Pentaerythrityl 
Tetraisostearate, Ethylhexyl Palmitate, Tribehenin, Sorbitan 
Isostearate, Palmitoyl Oligopeptide, Hydrogenated Olive Oil, Olea 
Europaea (Olive) Fruit Oil, Olea Europaea (Olive) Oil Unsaponifiables, 
Theobroma Cacao (Cocoa) Seed Butter, Simmondsia Chinensis (Jojoba) Seed 
Oil, Persea Butyrospermum Parkii (Shea Butter), Gratissima (Avocado) 
Oil, Pentaerythrityl Tetra-Di-T-Butyl Hydroxyhydrocinnamate, Tocopheryl 
Acetate, Tocopherol, Tetrahexyldecyl Ascorbate, Vp/Eicosene Copolymer, 
Vp/Hexadecene Copolymer, Acrylates Copolymer, Polyethylene 
Terephthalate, Synthetic Fluorphlogopite, Calcium Sodium Borosilicate, 
Calcium Aluminum Borosilicate, Tin Oxide, Silica. May Contain (+/-): 
Mica, Titanium Dioxide (Ci 77891), Iron Oxides (Ci 77491, Ci 77492, Ci 
77499), Carmine (Ci 75470), Manganese Violet (Ci 77742), Red 6 (Ci 
15850), Red 7 Lake (Ci 15850), Red 21 (Ci 45380), Red 27 (Ci 45410), Red
 28 Lake (Ci 45410), Red 30 Lake (Ci 77360), Red 33 Lake (Ci 17200), 
Orange 5 (Ci 45370), Yellow 5 Lake (Ci 45370), Yellow 6 Lake (Ci 15985),
 Blue 1 Lake (Ci 42090).
"
843,91,l'oreal,L'Oreal Paris Colour Riche Collection Exclusive Pure Reds,10.99,USD,lipstick,2016-10-01T18:25:25.419Z,"Inspired by L’Oréal Paris muses, Colour Riche introduces six custom-made, enriching matte red shades tailored to enhance a variety of complexions. Play on a coordinated look by pairing with red nails for an absolute statement.Features:A matte that reveals red's colour intensitySoft intense velvet formulationFormulated with velvet spheres, pure pigments, jojoba oil"
844,90,nyx,NYX Extra Creamy Round Lipstick,6.99,USD,lipstick,2016-10-01T18:25:22.485Z,"NYX Extra Creamy Round Lipstick is the classic, go-to lipstick for all occasions. From Pure Nude to Pink Lyric to Chic Red, Round Lipstick is available in a jaw-dropping variety of shades. Features:Formula offers a velvety textureMineral based to moisturize and condition lipsPigment packed saturated color Long-wearing and smudge resistant Available in a variety of coloursINGREDIENTS: Diisostearyl Malate, Bis-DiglycerylPolyacyladipate-2, Polyglyceryl-2 Triisostearate, Octyldodecanol, IsostearylIsostearate, Ethylhexyl Palmitate, Euphorbia Cerifera (Candelilla) Wax /Euphorbia Cerifera Cera / Cire de Candelilla, Ceresin, Beeswax / Cera Alba /Cire d’abeille, Polyisobutene, Polyethylene, Copernicia Cerifera (Carnauba) Wax/ Copernicia Cerifera Cera / Cire de Carnauba, Microcrystalline Wax / CeraMicrocristallina / Cire Microcristalline, Tocopheryl Acetate, BHA, Limonene,Fragrance / Parfum. MAY CONTAIN / PEUTCONTENIR (+/-): Mica, Titanium Dioxide (CI 77891), Iron Oxides (CI 77491,77492, 77499), Red 6 (CI 15850), Red 7 (CI 15850), Red 28 (CI 45410), Red 36(CI 12085), Blue 1 Lake (CI 42090), Yellow 5 Lake (CI 19140)."
845,89,maybelline,Maybelline Color Sensational Rebel Bloom Lipcolour ,9.99,USD,lipstick,2016-10-01T18:25:20.981Z,"
                       
	Maybelline Color Sensational® Rebel Bloom lipstick offers vivacious pastels in a super-saturated lipcolour. Enjoy the kicky bouquet of lip colors in 
pinks, reds and mauves.  Features:Super-saturated pigments take fresh picked pastels to a new bright
Never dull, washed out or shy
Honey nectar adds a sumptuous feel

		Application: Apply lipcolor starting in the center of your upper lip. Work
 from the center to the outer edges of your lip, following the contours 
of your mouth. Then glide across the entire bottom lip.

		
	

                    "
846,87,dalish,DaLish Lipstick Matte Collection,22.0,USD,lipstick,2016-10-01T18:25:17.425Z,"This DaLish Lipstick wows with full coverage, full pigment colour that won’t dry out lips. Inspired by bright, garden blooms, the long lasting, fashion-forward hues endure coffee time or cocktail hour without the ring around your lips. Shade Range: LO1 - Nude Shade – ideal for thick to medium lips.LO2 - Pinky/Red – Has a real punch of colour. For anyone one is willing to be bold!LO3 - Barbie Pink! – It's bright and a fun colour to wear.LO4 - Vintage Ruby Red – This is the original Red lipstick from the 1920’s. It just never goes out of style!LO5 - Soft Coral – It’s a very versatile colour and works well on most.Ingredients: Ricinus Communis (Castor) Seed Oil, Caprylic/Capric Triglycerides, Copernicia Cerifera (Carnauba) Wax, Cetyl Palmitate, Sorbitan Palmitate, Beeswax, Sorbitan Olivate, Cetyl Alcohol, Euphorbia Cerifera (Candelilla) Wax, Hydrogenated Castor oil, Butyrospermum Parkii (shea Butter), Helianthus Annuus (Sunflower) Seed Oil, Rosmarinus officinalis (Rosemary) Leaf Extract, Benzyl Alcohol, Benzoic Acid, Dehydroacetic Acid, Sorbic Acid, Tocopherol, Vanillin, May contain (+/-), Titanium Dioxide CI 77891, Iron Oxides CI 77491, Mica CI 77019, Red 7 Lake CI 15850, Yellow 5 Lake CI 19140, Red 27 Lake CI 45410, Red 30 Lake CI 73360, Blue 1 Lake CI 42090, Carmine CI 75470. *Contains natural Antioxidant *Contains organic castor oil and Carnauba Wax "
847,86,e.l.f.,e.l.f. Gotta Glow Lip Tint ,7.99,USD,lipstick,2016-10-01T18:25:16.232Z,"This innovative e.l.f. Gotta Glow Lip Tint reacts with the chemistry of your lips to deliver a personalized, perfect shade of pink, berry. or peach! The ethereal hue gives a sheer flush of colour that enhances the natural beauty of your lips. The gel-based formula glides on smoothly and is infused with Shea Butter to moisturize and nourish. How To Use: Apply alone for a natural-looking wash of colour or as a base to any of your favorite e.l.f. lip colours. Repeat application as often as desired.Beauty Tip: Create a flushed glow on the check by applying a little directly to the cheeks and blend out with fingers or a sponge. Ingredients: Octyldodecanol, Hydrogenated Polyisobutene, Isononyl Isononanoate, Polyethylene, Dipentaerythrityl Hexahydroxystearate, Triisodecyl Trimellitate, Diisostearylmalate, Stearyl Dimethicone, Butyrospermum Parkii (Shea) Butter, Euphorbia Cerifera (Candelila) Wax, Synthetic Beeswax, Polymethyl Methacrylate, Stearic Acid, Phenoxyethanol, Tocopheryl Acetate (Ve), Ethylhexylglycerin, Oryza Sativa (Rice) Bran Oil, Pentaerythrityl Tetra-Di-T-Butyl, Hydroxyhydrocinnamate, Propylparaben. MAY CONTAIN: Titanium Dioxide (CI 77891),Red 6 Lake (CI 15850), Red 27 Lake (CI 45410), Red 21 Lake (CI 45380). "
848,85,maybelline,Maybelline Lip Studio Color Blur ,11.99,USD,lipstick,2016-10-01T18:25:14.865Z,"Maybelline's Lip Studio Color Blur is a unique cream matte pencil with vivid colour.  The blurring smudger allows you to create your look from full on bold to softly blurred.Features:The cream matte pencil feels extremely smooth and comfortable on lips The blurring smudger means you can create your own looks from full-on bold to softly blurredColor Blur comes in many shades ranging from vivids to neutralsHow to Use: To achieve the softly blurred look, apply colour in the center of your top and bottom lips. Using the smudger, gently blur the colour out towards the edges of your top lip and then bottom lip."
849,84,l'oreal,L'Oreal Color Riche Extraordinaire Lip Color,13.96,USD,lipstick,2016-10-01T18:25:13.698Z,"Transform lips from ordinary to extraordinary. Color is richer, lip 
surface is smoother and shine is magnified. Formulated with precious 
micro-oils and rich color pigments, Extraordinaire provides the ideal 
balance of color and care for perfect lips. The unique soft-touch 
applicator allows for a silky-smooth, gliding application.Directions: Use the wand to apply starting in the center of your upper lip. Work 
from the center to outer edges of your lips, following the contour of 
your mouth. Then glide across the entire bottom lip.
		"
850,83,almay,Almay Smart Shade Butter Kiss Lipstick,8.99,USD,lipstick,2016-10-01T18:25:11.902Z,"Almay makes it easy to find your perfect lip color!Almay Smart Shade Butter Kiss™ Lipstick offers beautiful shades expertly coordinated to your unique skintone. The ultra-buttery formula drenches lips in hydration. In fact, 98% of women felt lips were instantly hydrated. Collect the perfect pink, berry, red and nude lipstick for your light, light/medium or medium skintone.Pure. Hypoallergenic. Dermatologist Tested."
851,82,wet n wild,Wet n Wild Silk Finish Lipstick,1.99,USD,lipstick,2016-10-01T18:25:11.068Z,"Wet n Wild lipstick formula contains all the same things as the other guys: rich color, vitamins A & E, aloe vera, and really feels like putting silk on your lips. If you’re already thinking “That is a crazy bargain,” they've now added macadamia nut oil that contains antioxidants to hydrate your lips for a smooth, supple pout. Features:Purse Pride! New improved formula and packaging!Rich, creamy, bulidable color that feels like silk on the lips!Chock-full of nutrients! Enriched with conditioning ingredients of vitamins A & E, aloe vera, and macadamia nut oilIngredients: Ricinus Communis (Castor) Seed Oil, Caprylic/Capric Triglyceride, Cetyl Ethylhexanoate, Ozokerite, Microcrystalline Wax/Cire microcristalline, Ethylhexyl Palmitate, Euphorbia Cerifera (Candelilla) Wax/Cire de candelilla, Ceresin, Diisostearyl Malate, Beeswax/Cire d'abeille, Petrolatum, VP/Hexadecene Copolymer, Copernicia Cerifera (Carnauba) Wax/Cire de carnauba, Pentaerythrityl Adipate/Caprate/Caprylate/Heptanoate, Mineral Oil/Huile minérale, Fragrance/Parfum, Phenoxyethanol, Sorbic Acid, Tocopheryl Acetate, Phytosteryl Macadamiate, Tocopherol, Glycine Soja (Soybean) Oil, Aloe Barbadensis Leaf Extract, Silica, [+/- (MAY CONTAIN/PEUT CONTENIR): Blue 1 Lake/CI 42090, Carmine/CI 75470, Iron Oxides/CI 77491, CI 77492, CI 77499, Mica, Red 21 Lake/CI 45380, Red 27 Lake/CI 45410, Red 30 Lake/CI 73360, Red 40 lake/CI 16035, Red 6/CI 15850, Red 7 Lake/CI 15850, Titanium Dioxide/CI 77891, Yellow 5 Lake/CI 19140, Yellow 6 Lake/CI 15985] "
852,81,l'oreal,L'Oreal Paris Colour Riche Crystal Shine,10.99,USD,lipstick,2016-10-01T18:25:09.774Z,"Crystal Shine is a spectacular L'Oreal Paris innovation in lip colour that reflects light to perfection!Crystal Shine is brilliance redefined: an explosion of colour that combines the glint of metal with the gleam of crystal. Tiny flakes of crystal are covered by a thick layer of metal and trapped within the rich, moist colour and texture of the lipstick.
Crystal Shine technology is contained within Colour Riche's new and improved Tri-Active formula of Vitamins A and E, for long lasting comfort.
Colour Riche Crystal Shine is available in 10 stunning shades with crystal reflections-get ready to dazzle!"
853,80,dr. hauschka,Dr. Hauschka Lipstick ,34.0,USD,lipstick,2016-10-01T18:25:08.709Z,"Dr. Hauschka Lipstick has all the nurturing qualities of their lip care products. Color glides on effortlessly, leaving your lips velvety-smooth.Features: Rose hip and carrot extract keep lips moist and nourishedRose and Jojoba waxes soften and protectColors from nature highlight your natural tonesFurther contour and highlight with Dr.Hauschka LiplinerIngredients: Ricinus Communis (Castor) Seed Oil, Simmondsia Chinensis (Jojoba) Seed 
Oil, Rosa Canina Fruit Extract, Lanolin, Beeswax (Cera Alba), Daucus 
Carota Sativa (Carrot) Root Extract, Euphorbia Cerifera (Candelilla) 
Wax, Copernicia Cerifera (Carnauba) Wax, Rosa Damascena Flower Extract, 
Anthyllis Vulneraria Extract, Prunus Amygdalus Dulcis (Sweet Almond) 
Oil, Prunus Armeniaca (Apricot) Kernel Oil, Hydrogenated Jojoba Oil, 
Rosa Damascena Flower Wax, Fragrance (Parfum), Linalool*, Benzyl 
Benzoate*, Farnesol*, Limonene*, Geraniol*, Benzyl Salicylate*, 
Eugenol*, Maltodextrin, Lecithin, Silica, Mica, Carmine (CI 75470), Iron
 Oxides (CI 77491, CI 77492, CI 77499), Titanium Dioxide (CI 77891) 
"
854,79,revlon,Revlon Ultra HD Matte Lipcolor,10.99,USD,lipstick,2016-10-01T18:25:07.889Z,"Revlon Ultra HD Matte Lipcolor gives you lightweight, high definition velvety matte color. It has a moisturizing, velvety 
feel with a 100% wax-free, gel formula. Features: Creamy mango and whipped vanilla fragrance 
Plush velvety applicator Shade Range: (top row, left to right / bottom row, left to right) Devotion, Obsession, Addiction, Temptation / Flirtation, Love, Seduction, Passion"
855,78,l'oreal,L'Oreal Infallible Lipstick ,13.99,USD,lipstick,2016-10-01T18:25:06.524Z,"L'Oreal Infallible Lipstick is a longwear 2-step lip colour with hyaluronic gel for 24HR triple action.The hyaluron-infused longwear formula provides saturated, vibrant colour for lips that appear smooth and replenished.Features:All day smoothness for colour that never driesAll day hydration for endless comfortAll day resistance for colour that never fades "
856,77,revlon,Revlon ColorStay Ultimate Suede Lipstick,14.49,USD,lipstick,2016-10-01T18:25:04.847Z,"Is your lipstick giving you both moisture 
and wear? This velvety soft formula with moisturizing shea butter and 
aloe is food proof and doesn’t quit. Apply Revlon ColorStay Ultimate Suede Lipstick once and go!Features: Instant MoistureAll-day Color 
Shea butter, Aloe 
Soft suede finishApplication Tips: Apply your favorite shade of Revlon 
ColorStay Ultimate Suede onto clean, smooth lips. Make a statement with a
 modern matte finish. Revlon ColorStay Ultimate Suede can be worn with 
or without a Lipliner."
857,75,revlon,Revlon Ultra HD Lipstick,10.99,USD,lipstick,2016-10-01T18:25:00.884Z,Revlon Ultra HD Lipstick gives you true color clarity without the heavy feel.Featuring revolutionary wax-free gel technology this lipstick offers true color clarity in one smooth swipe. 
858,74,l'oreal,L'Oreal Paris Colour Riche Collection Exclusive Lip Colour ,10.99,USD,lipstick,2016-10-01T18:24:59.507Z,"L'Oreal Paris Collection Exclusive by Colour Riche® introduces a permanent offer to 
the L'Oreal Paris portfolio. This collection includes six signature nude shades by L'Oreal's six 
dazzling spokeswomen. The shades are custom-made to match various skin tones and 
haircolour."
859,73,maybelline,Maybelline Color Sensational The Buffs Lipcolour,9.99,USD,lipstick,2016-10-01T18:24:56.389Z,"Raw. Real. Pigments explode with sensuous impact…sensational! Maybelline Color Sensational The Buffs Lipcolour have true nude lip color pigments for honest flesh tone color. This range has it all, from blushing beige, to bronze, to espresso.
		For Best Results: Apply your nude lip color lipstick by starting in the center 
of your upper lip. Work from the center to the outer edges of your lip, 
following the contours of your mouth. Then glide across the entire 
bottom lipShade Range: 
	

                    "
860,72,maybelline,Maybelline Color Sensational Vivids Lipcolour,9.99,USD,lipstick,2016-10-01T18:24:55.093Z,"With Maybelline Colour Sensational Vivids Lipcolour bright goes gorgeous, never garish!Get brighter color from Maybelline's exclusive vivid pigments.﻿ Plus get creamier feel from nourishing honey nectar.﻿ Features: Be bright and gorgeousExclusive Vivid colors are brighterHoney nectar formula nourishes lips﻿For Best Results: Apply lipcolor starting in the center of your upper lip. Work from the center to the outer edges of your lip, following the contours of your mouth. Then glide across the entire bottom lip.﻿Shade Range: "
861,71,pacifica,Pacifica Devocean Natural Lipstick Deeply Devoted Creamy Color,21.0,USD,lipstick,2016-10-01T18:24:53.472Z,"Pacifica Devocean Lipstick is a 100% natural, hydrating vegan lipstick that will last with intensity, like the deepest of love.What look do you go for: the natural bronzed babe, tropical brights, or classic beauty? Try all three with this get the look with natural makeup piece found on our blog, The Well! Formulated without: Animal ingredients (including carmine, 
beeswax and lanolin), animal testing. FD & C colors, mineral oil, 
parabens, phthalates, petroleum, propylene glycol, SLS, gluten, peanut 
oil and other ingredients you don't want on your skin."
862,70,burt's bees,Burt's Bees Lipstick ,9.99,USD,lipstick,2016-10-01T18:24:52.538Z,"Burt's Bees Lipstick provides luscious, full-coverage color and hours of natural moisture.Features:Moisturizing Satin-finish shades Creamy and lightweight feel, ideal for everyday wear 100% Natural with 100% recyclable materialDirections: Remove lid, apply to lips for your desired level of satin colorIngredients: diheptyl succinate, capryloyl glycerin/sebacic acid copolymer, ricinus communis, helianthus annuus, cera alba, candelilla cera , behenyl alcohol, oleic/linoleic/linolenic polyglycerides, C12-18 acid triglyceride, lanolin hydrogenated vegetable oil, cera carnauba [copernicia cerifera (carnauba) wax], moringa oleifera seed oil rubus idaeus (raspberry) seed."
863,69,maybelline,Maybelline Color Sensational Creamy Mattes Lipcolour ,9.99,USD,lipstick,2016-10-01T18:24:51.748Z,"Maybelline Creamy Mattes by Color Sensational deliver a burst of bold lip color and a surge of creamy texture in great make-a-statement shades, for mattes your lips will love to wear!Features: Lips slip into this creamy matteMattifying cream pure pigments and three precious oilsMake-a-statement shades"
864,68,l'oreal,L'Oreal Paris Colour Riche Lipstick,10.99,USD,lipstick,2016-10-01T18:24:50.904Z,"Indulge in richness beyond compare with L'Oreal's most luxuriously rich color and intensely rich hydration. Colour Riche®
 Lipcolour is richer, creamier and more moisturizing than ever before. 
In addition to nourishing ingredients like Omega 3 and Vitamin E, the 
formula is enriched with Argan Oil to condition and soften lips. Your 
lips are kept soft, smooth, and ultra-hydrated. With a spectrum of 
gorgeous shades from bold to nearly nude, Colour Riche® Lipcolour offers a shade that’s perfect for every look and any occasion.
		"
865,67,revlon,Revlon Matte Lipstick,11.79,USD,lipstick,2016-10-01T18:24:50.140Z,"
Straight from the Runway shades !
Beautifully rich matte color glides effortlessly across lips.
Suede-like, cushiony feel and with maximum color impact.
Beautifully rich shades from nude to deepest berry.
"
866,66,revlon,Revlon ColorStay Ultimate Liquid Lipstick,14.49,USD,lipstick,2016-10-01T18:24:49.055Z,"Revlon ColorStay Ultimate Liquid Lipstick is a one-step, food-proof lipcolor with a patented ColorStay technology that lasts up to 24 hours.Features:Food-proof lipcolor with a built-in, ultra-conditioning topcoatOne-step application- No topcoat required for comfortable wearStays comfortable and wears beautifullyDoes not feather or fade; no touch-ups required, even after meals 
 
To Use: Apply a thin, even layer to clean, bare lips and wait until dry."
867,65,maybelline,Maybelline Color Sensational Lipcolour,9.99,USD,lipstick,2016-10-01T18:24:44.446Z,"Maybelline Colour Sensational Lipcolour will make you fall in love with color, all over again! Features: 

Crisper color from pure pigments 
Creamier feel from nourishing honey nectar 
Lipcolor so rich, so stunning… it’s sensational Incredible colour range, from pinks, plums, reds and bronze

 "
868,64,nyx,NYX Soft Matte Lip Cream,8.99,USD,lipstick,2016-10-01T18:24:42.537Z,"Neither lipstick nor lip gloss this NYX Soft Matte Lip Cream is a new kind of lip color that goes on silky smooth and sets to a matte finish. Features:Soft Matte Lip Cream is durableUnlike some matte lipstick formulas this lip cream is moisturizing and does not dry outComes in a variety of shades for every occasionLong wearing, high pigmentation Ingredients: Pentaerythrityl Tetraisostearate, Dimethicone,Beeswax, Glyceryl Behenate / Eicosadioate, Phenoxyethanol, Dimethicone /Dimethicone Crosspolymer, Talc, Methyl Methacrylate Crosspolymer, Silica, Aluminium Starch Octenylsuccinate, Isohexadecane,Disteardimonium Hectorite, Propylene Carbonate, Parfum. MAY CONTAIN / PEUT CONTENIR (+/-):CI77019 (Mica) / CI77891 (Titanium Dioxide), CI15850 (D&C Red 6 Na.Salt), CI15850 (D&C Red 7 Ca Lake), CI15985:1 (FD&C Yellow 6 AlLake), CI19140:1 (FD&C Yellow 5 Al Lake), CI45410 (D&C Red 28 AlLake), CI77491 (Iron Oxide Red), CI77492 (Iron Oxide Yellow), CI77499(Iron Oxide Black), CI77742 (Manganese Violet), CI77891 (TitaniumDioxide)."
869,62,burt's bees,Burt's Bees Lip Crayon,9.99,USD,lipstick,2016-10-01T18:24:39.636Z,"Try Burt's Bees Lip Crayons and enjoy the 100% natural creamy matte colour with moisture-rich wear. These lightweight jumbo lip pencils moisturize for a comfortable, everyday wear with a formula infused with Shea Butter, Kendi Oil, and Jojoba 
Oil. It's colour that truly cares for your lips!What look do you go for: the natural bronzed babe, tropical brights, or classic beauty? Try all three with this get the look with natural makeup found on our blog, The Well! Features: 

Creamy matte color and moisture-rich wear
For everyday wear either alone or layered under a Lip Gloss or Lip Shine
Precise application in a playful form without the hassle and mess of sharpening
No added flavor or fragrance
Hydrates and moisturizes lips, leaving them feeling soft and smoothShades: Ingredients: ricinus communis (castor) seed oil, caprylic/capric triglyceride, simmondsia chinensis (jojoba) seed oil, candelilla cera (euphorbia cerifera wax, cire de candelilla), cera alba (beeswax, cire d'abeille), cera carnauba (copernicia cerifera wax, cire de carnauba), butyrospermum parkii (shea) butter, hydrogenated vegetable oil, aleurites moluccana seed oil*, olea europaea (olive) fruit oil, helianthus annuus (sunflower) seed oil, rosmarinus officinalis (rosemary) leaf extract, tocopherol, lecithin, silica, glycine soja (soybean) oil. +/- (May contain / Peut contenir): CI 77891 (titanium dioxide), CI 77019 (mica), CI 75470 (carmine), CI 77491, CI 77492, CI 77499 (iron oxides) *kendi oil"
870,61,e.l.f.,e.l.f. Studio Matte Lip Color,4.99,USD,lipstick,2016-10-01T18:24:38.689Z,"This convenient jumbo sized lip pencil creates exact color application 
with twist up ease so you never have to sharpen.  The pigment rich color
 glides on effortlessly and easily to provide long lasting matte color. 
 The enriched Vitamin A, C & E formula moisturizes and hydrates lips
 for beautiful healthy looking lips.How To Use: Apply to lips and blend in color. Re-apply as often as desired. Use alone or layer with your favorite lip gloss shade for a glossy effect. Ingredients: Paraffinum Liquidum (Mineral Oil), Microcrystalline Wax (Cera 
Microcristallina), Synthetic Beeswax，Ethylhexyl Palmitate, Copernicia 
Cerifera (Carnauba) Wax, Ozokerite, Polyethylene, Ceresin, Silica 
Dimethyl Silylate, Polyisobutene, Aspartame, Retinol (VA), Magnesium 
Ascorbyl Phosphate (VC), Tocopheryl Acetate (VE), Phenoxyethanol, 
Ethylparaben，Propylparaben, Methylparaben. May Contain：Titanium Dioxide 
(CI 77891), Iron Oxides (CI 77491, CI 77492,CI 77499), Blue No.1 Lake ( 
CI 42090), Red No.40 Lake (CI 16035), Red No.7 Lake (CI 15850), Red 
No.27 Lake (CI 45410)"
871,60,revlon,Revlon Super Lustrous Lipstick,11.49,USD,lipstick,2016-10-01T18:24:37.092Z,"Revlon Super Lustrous Lipstick is as essential as the little black dress. With a tonne of fabulous, fashionable shades, Super Lustrous Lipstick offers the widest range of colors, so you are sure to find one that looks gorgeous on you! Packed with mega-moisturizers and vitamins C and E for soft, smooth, sexy lips. Your lips stay kissably conditioned for lasting smoothness while the color stays rich and true."
872,59,milani,Milani Color Statement Moisture Matte Lipstick,6.99,USD,lipstick,2016-10-01T18:24:35.640Z,"Inspired by the Milan Runway, eight new matte shades and two luscious crème shades.Features:One stroke, full coverage applicationLightweight & creamy formulaInfused with Vitamins A & C to hydrate lipsLong-wearing formula Colour-true finishApplication: Begin applying from the center of your upper lips and work your way to the outer edges. Same application is used for your bottom lips. Tip: Lipliner helps extend the wear & keeps your lipstick from feathering.   When choosing a lipliner shade, match the lipliner to your lipstick shade or match your lipliner to the shade of your lips which will work with all your lipstick shades.   Create a custom lipcolor by using a contrasting lipliner and lipstick shade.Ingredients: Ricinus Communis (Castor) Seed Oil, Tridecyl Trimellitate, Euphorbia Cerifera (Candelilla) Wax / Euphorbia Cerifera Cera, Ethylhexyl Palmitate, Microcristallina Cera (Microcrystalline Wax), Cera Alba (Beeswax), Ozokerite, Copernicia Cerifera (Carnauba) Wax/Cera Carnauba, Benzyl Benzoate, Fragrance (Parfum), Vanillin, Ascorbyl Palmitate, Tocopherol, Glycine Soja (Soybean) Oil, Retinyl Palmitate, Hydroxycitronellal. +/- May Contain: Mica, Titanium Dioxide (CI 77891), Iron Oxides (CI 77491, CI 77492, CI 77499), Red 6 (CI 15850), Red 7 (CI 15850), Red 22 (CI 45380), Red 27 (CI 45410), Red 28 (CI 45410), Yellow 5 (CI 19140), Yellow 6 (CI 15985), Blue 1 (CI 42090), Carmine (CI 75470)."
873,58,milani,Milani Color Statement Lipstick,6.99,USD,lipstick,2016-10-01T18:24:32.550Z,"Inspired by the Milan Runway, eight new matte shades and two luscious crème shades.Features:One stroke, full coverage applicationLightweight & creamy formulaInfused with Vitamins A & C to hydrate lipsLong-wearing formula Colour-true finishApplication: Begin applying from the center of your upper lips and work your way to the outer edges. Same application is used for your bottom lips. Tip: Lipliner helps extend the wear & keeps your lipstick from feathering.   When choosing a lipliner shade, match the lipliner to your lipstick shade or match your lipliner to the shade of your lips which will work with all your lipstick shades.   Create a custom lipcolor by using a contrasting lipliner and lipstick shadeIngredients: Ricinus Communis (Castor) Seed Oil, Tridecyl Trimellitate, Euphorbia Cerifera (Candelilla) Wax / Euphorbia Cerifera Cera, Ethylhexyl Palmitate, Microcristallina Cera (Microcrystalline Wax), Cera Alba (Beeswax), Ozokerite, Copernicia Cerifera (Carnauba) Wax/Cera Carnauba, Benzyl Benzoate, Fragrance (Parfum), Vanillin, Ascorbyl Palmitate, Tocopherol, Glycine Soja (Soybean) Oil, Retinyl Palmitate, Hydroxycitronellal. +/- May Contain: Mica, Titanium Dioxide (CI 77891), Iron Oxides (CI 77491, CI 77492, CI 77499), Red 6 (CI 15850), Red 7 (CI 15850), Red 22 (CI 45380), Red 27 (CI 45410), Red 28 (CI 45410), Yellow 5 (CI 19140), Yellow 6 (CI 15985), Blue 1 (CI 42090), Carmine (CI 75470). "
874,57,revlon,Revlon ColorBurst Matte Balm ,11.49,USD,lipstick,2016-10-01T18:24:30.933Z,"Revlon ColorBurst Matte Balm offers velvety color with balm-like moisture!Packaged in an adorable chubby crayon, this Matte balm is infused with a Triple Butter Complex of Shea, Mango and 
Coconut Butter."
875,56,e.l.f.,e.l.f. Studio Moisturizing Lipstick,4.99,USD,lipstick,2016-10-01T18:24:29.248Z,"The velvety, satin texture of e.l.f. Studio Moisturizing Lipstick glides on lips with vibrant color and 
luminous shine. Enriched with Shea and Vitamins A, C, & E to nourish
 and hydrate the lips. The rich, creamy formula seals in moisture for 
long-lasting wear and comfort.Ingredients: Paraffinum Liquidum (Mineral Oil), Petrolatum, Ceresin, Ethylhexyl Palmitate, Hydrogenated Polydecene, Microcrystalline Wax (Cera Microcristallina), Polybutene, Paraffin, Synthetic Beeswax, Polyethylene, Copernicia Cerifera (Carnauba) Wax, Silica Dimethyl Silylate, Fragrance (Parfum), Butyrospermum Parkii (Shea) Butter, Retinyl Palmitate (Va), Tocopheryl Acetate (Ve), Ascorbyl Palmitate (Vc), Neotame, Propylparaben May Contain: Mica, Titanium Dioxide (CI 77891), Iron Oxides (CI 77491, CI 77492, CI 77499), Red 40 Lake (CI 16035), Red 7 Lake (CI 15850), Red 27 Lake (CI 45410), Red 6 Lake (CI 15850), Yellow 5 Lake (CI 19140), Blue 1 Lake (CI 42090) "
876,55,pure anada,Pure Anada Petal Perfect Lipstick,14.0,USD,lipstick,2016-10-01T18:24:26.466Z,"Pure Anada Petal Perfect Lipstick is a moisture intensive natural lipstick. Made with rich butters, plant oils, and waxes provide a smooth, creamy consistency. For a boost of shine, apply the coordinating Pure Anada Lip Gloss on top of your lipstick.Pure Anada Petal Perfect Lipstick is made with certified organic Rosehip Seed Oil which is known to repair dry, damaged skin and promote cell regeneration.  A perfect treatment to hydrate and smooth your lips!A berry-toned lip is a must have for the cool fall season and carries on great through the winter! Find more green fall beauty essentials on our blog, The Well.Shades: Ingredients: Ricinus Communis (Organic Castor Seed Oil), Rosa Canina (Organic Rosehip Seed Oil), Simmondsia Chinensis (Organic, cold pressed Jojoba Seed Oil), Butyrospermum Parkii Fruit (Unrefined, Organic, Shea Butter), Limnanthes Alba (Organic Meadowfoam Seed Oil), Euphorbia Cerifera(Candelilla Wax), Copernicia Cerifera(Carnauba) Wax, Mica, Iron Oxides, Tocopherol (Vitamin E), Citrus Tangerina (Organic Tangerine Essential Oil)Vegan, Gluten Free, Non-GMO, Dairy Free, Peanut Free, Natural"
